"account_name","order_date"
"3M",2015-05-09 13:25:46.000
"3M",2015-05-09 13:31:21.000
"3M",2015-06-08 16:22:52.000
"3M",2015-07-08 19:03:40.000
"3M",2015-07-08 19:05:46.000
"3M",2015-08-07 17:39:05.000
"3M",2015-08-07 18:08:14.000
"3M",2015-09-06 00:15:58.000
"3M",2015-10-06 10:07:00.000
"3M",2015-11-05 17:41:13.000
"3M",2015-11-05 17:54:14.000
"3M",2016-01-03 07:18:01.000
"3M",2016-02-02 11:02:51.000
"3M",2016-02-02 11:16:23.000
"3M",2016-03-02 13:28:58.000
"3M",2016-03-02 13:51:46.000
"3M",2016-03-31 18:06:02.000
"3M",2016-04-30 03:48:20.000
"3M",2016-04-30 04:06:34.000
"3M",2016-05-29 23:44:22.000
"3M",2016-05-29 23:45:59.000
"3M",2016-06-27 11:43:50.000
"3M",2016-07-27 08:02:04.000
"3M",2016-07-27 08:10:36.000
"3M",2016-08-25 07:29:47.000
"3M",2016-08-25 07:32:25.000
"3M",2016-09-23 03:27:31.000
"3M",2016-09-23 03:37:40.000
ADP,2013-12-29 21:43:14.000
ADP,2014-01-27 03:50:23.000
ADP,2014-02-25 19:56:12.000
ADP,2014-02-25 20:21:34.000
ADP,2014-03-26 21:22:00.000
ADP,2014-03-26 21:23:14.000
ADP,2014-04-25 10:43:04.000
ADP,2014-05-24 08:25:36.000
ADP,2014-05-24 08:28:56.000
ADP,2014-06-22 17:43:59.000
ADP,2014-06-22 17:58:52.000
ADP,2014-07-22 13:15:54.000
ADP,2014-07-22 13:20:58.000
ADP,2014-08-20 09:14:56.000
ADP,2014-08-20 09:19:01.000
ADP,2014-09-18 12:19:28.000
ADP,2014-09-18 12:43:57.000
ADP,2014-10-17 03:48:33.000
ADP,2014-10-17 03:52:36.000
ADP,2014-11-16 21:54:56.000
ADP,2014-11-16 21:57:09.000
ADP,2014-12-15 23:48:37.000
ADP,2014-12-15 23:58:32.000
ADP,2015-01-13 09:57:31.000
ADP,2015-02-12 10:02:15.000
ADP,2015-03-15 00:11:24.000
ADP,2015-03-15 00:16:52.000
ADP,2015-04-12 20:44:44.000
ADP,2015-04-12 20:59:30.000
ADP,2015-05-12 05:07:51.000
ADP,2015-06-10 04:26:06.000
ADP,2015-07-09 07:26:45.000
ADP,2015-08-07 20:44:56.000
ADP,2015-08-07 20:50:29.000
ADP,2015-09-05 03:48:29.000
ADP,2015-09-05 03:48:43.000
ADP,2015-10-04 04:29:26.000
ADP,2015-11-02 23:27:35.000
ADP,2015-11-02 23:45:50.000
ADP,2015-12-01 06:48:48.000
ADP,2015-12-01 06:57:36.000
ADP,2015-12-30 08:06:40.000
ADP,2016-01-28 10:55:16.000
ADP,2016-02-26 06:29:12.000
ADP,2016-03-26 23:50:11.000
ADP,2016-04-25 15:48:55.000
ADP,2016-05-25 20:53:51.000
ADP,2016-05-25 21:17:11.000
ADP,2016-06-24 12:07:19.000
ADP,2016-06-24 12:09:50.000
ADP,2016-07-24 23:51:09.000
ADP,2016-07-25 00:09:01.000
ADP,2016-08-23 01:11:51.000
ADP,2016-09-22 03:52:38.000
ADP,2016-09-22 04:01:07.000
ADP,2016-10-22 22:56:20.000
ADP,2016-10-22 22:58:28.000
ADP,2016-11-20 03:48:36.000
ADP,2016-11-20 03:52:11.000
ADP,2016-12-20 22:29:50.000
AECOM,2016-06-24 07:43:04.000
AECOM,2016-06-24 07:47:59.000
AECOM,2016-07-23 19:37:48.000
AECOM,2016-08-21 12:08:22.000
AECOM,2016-08-21 12:23:52.000
AECOM,2016-09-20 06:53:27.000
AECOM,2016-10-20 00:49:19.000
AECOM,2016-11-18 05:04:21.000
AECOM,2016-12-17 08:46:59.000
AES,2016-11-10 11:19:58.000
AES,2016-12-09 15:07:12.000
AES,2016-12-09 15:18:44.000
AIG,2016-12-19 12:28:36.000
AIG,2016-12-19 12:34:27.000
AT&T,2014-08-15 05:38:05.000
AT&T,2014-09-13 04:55:51.000
AT&T,2014-09-13 05:11:21.000
AT&T,2014-10-13 12:12:55.000
AT&T,2014-11-12 06:29:46.000
AT&T,2014-11-12 06:54:10.000
AT&T,2014-12-11 10:36:32.000
AT&T,2014-12-11 10:40:11.000
AT&T,2015-01-09 14:16:50.000
AT&T,2015-02-08 10:01:50.000
AT&T,2015-04-07 13:29:20.000
AT&T,2015-04-07 13:46:47.000
AT&T,2015-05-06 03:37:09.000
AT&T,2015-06-05 19:18:24.000
AT&T,2015-06-05 19:18:54.000
AT&T,2015-07-05 02:36:29.000
AT&T,2015-07-05 02:45:54.000
AT&T,2015-08-03 11:39:52.000
AT&T,2015-08-03 12:02:33.000
AT&T,2015-09-01 14:30:59.000
AT&T,2015-10-01 15:53:49.000
AT&T,2015-10-31 16:07:00.000
AT&T,2015-10-31 16:08:57.000
AT&T,2015-11-29 21:18:37.000
AT&T,2015-11-29 21:32:47.000
AT&T,2015-12-28 18:48:29.000
AT&T,2016-01-26 06:24:01.000
AT&T,2016-01-26 06:32:50.000
AT&T,2016-02-25 07:04:29.000
AT&T,2016-03-25 22:26:45.000
AT&T,2016-04-24 07:33:51.000
AT&T,2016-04-24 07:33:58.000
AT&T,2016-05-23 07:40:57.000
AT&T,2016-06-22 01:09:48.000
AT&T,2016-07-21 18:51:18.000
AT&T,2016-08-20 04:32:35.000
AT&T,2016-08-20 04:50:59.000
AT&T,2016-09-18 20:57:59.000
AT&T,2016-10-17 13:19:06.000
AT&T,2016-10-17 13:31:48.000
AT&T,2016-11-15 18:16:13.000
AT&T,2016-11-15 18:34:57.000
AT&T,2016-12-14 21:26:59.000
AbbVie,2016-11-14 21:24:13.000
AbbVie,2016-12-13 04:07:18.000
AbbVie,2016-12-13 04:12:31.000
Abbott Laboratories,2013-12-27 22:08:03.000
Abbott Laboratories,2014-01-25 15:02:02.000
Abbott Laboratories,2014-02-24 18:00:49.000
Abbott Laboratories,2014-02-24 18:05:29.000
Abbott Laboratories,2014-03-26 10:49:33.000
Abbott Laboratories,2014-04-25 04:19:24.000
Abbott Laboratories,2014-05-25 12:51:15.000
Abbott Laboratories,2014-05-25 12:56:59.000
Abbott Laboratories,2014-06-24 02:03:53.000
Abbott Laboratories,2014-07-23 19:03:24.000
Abbott Laboratories,2014-07-23 19:03:41.000
Abbott Laboratories,2014-08-21 20:54:09.000
Abbott Laboratories,2014-09-20 21:03:54.000
Abbott Laboratories,2014-09-20 21:05:35.000
Abbott Laboratories,2014-10-20 17:49:31.000
Abbott Laboratories,2014-10-20 17:51:21.000
Abbott Laboratories,2014-11-19 21:57:36.000
Abbott Laboratories,2014-11-19 22:04:06.000
Abbott Laboratories,2014-12-19 16:09:02.000
Abbott Laboratories,2014-12-19 16:10:30.000
Abbott Laboratories,2015-01-18 03:07:44.000
Abbott Laboratories,2015-02-17 23:41:01.000
Abbott Laboratories,2015-03-18 19:17:08.000
Abbott Laboratories,2015-04-17 03:51:12.000
Abbott Laboratories,2015-04-17 04:08:52.000
Abbott Laboratories,2015-05-16 03:29:32.000
Abbott Laboratories,2015-05-16 03:30:09.000
Abbott Laboratories,2015-06-14 04:09:52.000
Abbott Laboratories,2015-06-14 04:26:52.000
Abbott Laboratories,2015-07-14 16:46:05.000
Advance Auto Parts,2016-09-14 18:54:21.000
Advance Auto Parts,2016-10-14 18:52:11.000
Advance Auto Parts,2016-11-12 08:24:31.000
Advance Auto Parts,2016-12-11 00:26:28.000
Aetna,2014-05-04 10:04:50.000
Aetna,2014-06-03 13:29:15.000
Aetna,2014-07-02 09:17:45.000
Aetna,2014-08-01 02:34:48.000
Aetna,2014-08-01 02:38:43.000
Aetna,2014-08-31 16:27:20.000
Aetna,2014-08-31 16:32:03.000
Aetna,2014-09-30 09:32:37.000
Aetna,2014-09-30 09:42:23.000
Aetna,2014-10-30 14:07:39.000
Aetna,2014-10-30 14:13:43.000
Aetna,2014-11-29 23:52:06.000
Aetna,2014-11-30 00:06:11.000
Aetna,2014-12-29 07:40:17.000
Aetna,2014-12-29 07:50:25.000
Aetna,2015-01-28 07:57:39.000
Aetna,2015-02-26 06:10:31.000
Aetna,2015-02-26 06:13:21.000
Aetna,2015-03-27 03:58:41.000
Aetna,2015-03-27 03:58:50.000
Aetna,2015-04-26 11:20:23.000
Aetna,2015-05-25 10:30:03.000
Aetna,2015-06-24 17:56:51.000
Aetna,2015-06-24 18:11:41.000
Aetna,2015-07-24 23:52:46.000
Aetna,2015-07-25 00:02:44.000
Aetna,2015-08-23 13:01:57.000
Aetna,2015-09-21 12:19:20.000
Aetna,2015-10-20 09:28:18.000
Aetna,2015-10-20 09:49:53.000
Aetna,2015-11-18 02:05:06.000
Aetna,2015-11-18 02:13:23.000
Aetna,2015-12-17 19:35:09.000
Aetna,2015-12-17 19:59:14.000
Aetna,2016-01-15 01:27:26.000
Aetna,2016-02-13 08:49:37.000
Aetna,2016-02-13 09:04:35.000
Aetna,2016-03-14 18:44:38.000
Aetna,2016-04-12 16:23:57.000
Aetna,2016-05-11 18:58:14.000
Aetna,2016-05-11 19:20:23.000
Aetna,2016-06-10 13:05:29.000
Aetna,2016-07-10 11:04:03.000
Aetna,2016-08-09 04:13:17.000
Aetna,2016-09-08 04:19:31.000
Aetna,2016-09-08 04:31:40.000
Aetna,2016-10-08 14:37:35.000
Aetna,2016-11-07 03:47:24.000
Aetna,2016-11-07 03:47:28.000
Aetna,2016-12-06 00:03:41.000
Aetna,2016-12-06 00:11:22.000
Aflac,2014-12-17 10:20:09.000
Aflac,2014-12-17 10:22:58.000
Aflac,2015-01-16 08:39:58.000
Aflac,2015-02-14 06:23:38.000
Aflac,2015-03-15 19:03:21.000
Aflac,2015-03-15 19:04:40.000
Aflac,2015-04-13 20:00:12.000
Aflac,2015-05-12 19:09:35.000
Aflac,2015-06-10 09:51:38.000
Aflac,2015-07-09 10:38:05.000
Aflac,2015-08-07 16:36:01.000
Aflac,2015-08-07 16:50:33.000
Aflac,2015-09-06 19:29:11.000
Aflac,2015-10-06 05:44:53.000
Aflac,2015-10-06 05:50:55.000
Aflac,2015-11-05 04:03:05.000
Aflac,2015-12-05 05:02:42.000
Aflac,2016-01-04 17:41:46.000
Aflac,2016-02-02 09:39:55.000
Aflac,2016-03-02 11:17:28.000
Aflac,2016-04-01 04:39:00.000
Aflac,2016-05-01 11:40:05.000
Aflac,2016-05-01 11:56:23.000
Aflac,2016-05-31 09:06:29.000
Aflac,2016-05-31 09:23:34.000
Aflac,2016-06-30 18:56:27.000
Aflac,2016-06-30 19:05:19.000
Aflac,2016-07-30 16:06:10.000
Aflac,2016-07-30 16:10:12.000
Aflac,2016-08-28 23:33:30.000
Aflac,2016-09-26 08:54:26.000
Aflac,2016-09-26 08:54:53.000
Aflac,2016-10-25 09:56:40.000
Aflac,2016-10-25 10:08:42.000
Aflac,2016-11-24 07:05:41.000
Aflac,2016-11-24 07:22:22.000
Aflac,2016-12-23 09:43:43.000
Air Products & Chemicals,2016-10-20 13:56:52.000
Air Products & Chemicals,2016-11-18 20:43:31.000
Air Products & Chemicals,2016-11-18 20:52:42.000
Air Products & Chemicals,2016-12-18 07:27:08.000
Alcoa,2016-05-30 06:33:52.000
Alcoa,2016-05-30 06:36:57.000
Alcoa,2016-06-29 06:53:28.000
Alcoa,2016-07-28 02:21:49.000
Alcoa,2016-08-27 20:02:09.000
Alcoa,2016-09-26 14:24:19.000
Alcoa,2016-10-26 15:18:32.000
Alcoa,2016-10-26 15:19:52.000
Alcoa,2016-11-25 23:28:17.000
Alcoa,2016-12-25 02:06:22.000
Alcoa,2016-12-25 02:25:39.000
Allstate,2015-11-03 14:04:21.000
Allstate,2015-12-02 12:02:27.000
Allstate,2015-12-02 12:19:33.000
Allstate,2016-01-01 18:23:23.000
Allstate,2016-01-01 18:43:36.000
Allstate,2016-01-31 01:51:19.000
Allstate,2016-01-31 01:51:40.000
Allstate,2016-03-01 12:51:37.000
Allstate,2016-03-30 13:07:16.000
Allstate,2016-03-30 13:11:45.000
Allstate,2016-04-28 07:06:58.000
Allstate,2016-05-27 03:25:26.000
Allstate,2016-06-25 17:29:31.000
Allstate,2016-06-25 17:33:26.000
Allstate,2016-07-24 11:40:10.000
Allstate,2016-07-24 11:47:43.000
Allstate,2016-08-22 20:01:34.000
Allstate,2016-08-22 20:05:46.000
Allstate,2016-09-20 10:31:21.000
Allstate,2016-09-20 10:32:07.000
Allstate,2016-10-19 21:01:54.000
Allstate,2016-10-19 21:07:48.000
Allstate,2016-11-18 08:23:57.000
Allstate,2016-11-18 08:36:46.000
Allstate,2016-12-17 19:24:48.000
Ally Financial,2016-08-06 10:08:30.000
Ally Financial,2016-09-04 02:42:05.000
Ally Financial,2016-10-03 08:10:58.000
Ally Financial,2016-11-01 23:41:21.000
Ally Financial,2016-12-01 00:34:14.000
Ally Financial,2016-12-01 00:58:07.000
Ally Financial,2016-12-31 15:54:47.000
Ally Financial,2016-12-31 16:05:18.000
Alphabet,2016-08-21 13:17:39.000
Alphabet,2016-08-21 13:35:03.000
Alphabet,2016-09-19 11:57:35.000
Alphabet,2016-09-19 12:14:56.000
Alphabet,2016-10-18 03:56:55.000
Alphabet,2016-10-18 03:57:03.000
Alphabet,2016-11-16 21:39:52.000
Alphabet,2016-11-16 21:43:13.000
Alphabet,2016-12-15 04:36:53.000
Alphabet,2016-12-15 04:46:05.000
Altria Group,2013-12-06 02:13:20.000
Altria Group,2014-01-05 01:12:44.000
Altria Group,2014-02-03 07:36:57.000
Altria Group,2014-03-04 00:55:49.000
Altria Group,2014-04-03 01:39:49.000
Altria Group,2014-05-02 15:41:05.000
Altria Group,2014-05-02 15:47:22.000
Altria Group,2014-05-31 17:03:46.000
Altria Group,2014-06-29 04:33:15.000
Altria Group,2014-07-28 18:02:10.000
Altria Group,2014-08-27 18:28:41.000
Altria Group,2014-09-25 13:50:02.000
Altria Group,2014-10-24 17:59:52.000
Altria Group,2014-11-23 05:33:34.000
Altria Group,2014-12-22 04:29:52.000
Altria Group,2015-01-20 02:12:27.000
Altria Group,2015-01-20 02:17:21.000
Altria Group,2015-02-18 13:46:30.000
Altria Group,2015-03-19 23:19:33.000
Altria Group,2015-03-19 23:27:29.000
Altria Group,2015-04-18 10:26:16.000
Altria Group,2015-05-18 20:38:57.000
Altria Group,2015-05-18 20:46:15.000
Altria Group,2015-06-16 09:37:19.000
Altria Group,2015-07-15 18:40:44.000
Altria Group,2015-08-13 17:21:53.000
Altria Group,2015-09-11 14:49:46.000
Altria Group,2015-10-11 20:38:59.000
Altria Group,2015-10-11 20:57:11.000
Altria Group,2015-11-09 21:17:13.000
Altria Group,2015-11-09 21:21:34.000
Altria Group,2015-12-08 07:16:54.000
Altria Group,2016-01-06 07:36:07.000
Altria Group,2016-02-04 09:06:50.000
Altria Group,2016-02-04 09:24:33.000
Altria Group,2016-03-04 11:53:00.000
Altria Group,2016-03-04 12:06:44.000
Altria Group,2016-04-03 16:57:12.000
Altria Group,2016-05-02 14:08:14.000
Altria Group,2016-05-02 14:14:13.000
Altria Group,2016-06-01 15:44:57.000
Altria Group,2016-07-01 19:34:56.000
Altria Group,2016-07-01 19:36:06.000
Altria Group,2016-07-31 11:45:55.000
Altria Group,2016-08-29 18:45:19.000
Altria Group,2016-09-28 11:29:44.000
Altria Group,2016-09-28 11:34:43.000
Altria Group,2016-10-28 07:16:36.000
Altria Group,2016-11-27 12:18:56.000
Altria Group,2016-11-27 12:21:07.000
Altria Group,2016-12-27 11:21:56.000
Amazon.com,2016-08-24 20:41:08.000
Amazon.com,2016-09-23 03:36:03.000
Amazon.com,2016-09-23 03:43:14.000
Amazon.com,2016-10-22 17:50:39.000
Amazon.com,2016-10-22 18:08:06.000
Amazon.com,2016-11-20 03:49:54.000
Amazon.com,2016-12-20 18:05:48.000
Amazon.com,2016-12-20 18:09:01.000
American Airlines Group,2016-05-26 03:36:17.000
American Airlines Group,2016-06-24 07:42:14.000
American Airlines Group,2016-06-24 07:44:58.000
American Airlines Group,2016-07-23 17:06:11.000
American Airlines Group,2016-08-22 00:25:39.000
American Airlines Group,2016-09-21 17:15:23.000
American Airlines Group,2016-09-21 17:19:33.000
American Airlines Group,2016-10-21 11:54:40.000
American Airlines Group,2016-11-19 22:53:50.000
American Airlines Group,2016-12-18 18:47:37.000
American Airlines Group,2016-12-18 18:59:15.000
American Electric Power,2016-03-27 19:26:05.000
American Electric Power,2016-03-27 19:32:08.000
American Electric Power,2016-04-25 18:01:24.000
American Electric Power,2016-05-24 16:55:48.000
American Electric Power,2016-06-23 07:53:32.000
American Electric Power,2016-06-23 08:18:38.000
American Electric Power,2016-07-22 04:26:24.000
American Electric Power,2016-07-22 04:50:12.000
American Electric Power,2016-08-20 03:04:30.000
American Electric Power,2016-08-20 03:12:05.000
American Electric Power,2016-09-19 09:42:49.000
American Electric Power,2016-10-19 04:54:11.000
American Electric Power,2016-10-19 05:03:58.000
American Electric Power,2016-11-17 01:38:19.000
American Electric Power,2016-11-17 01:48:12.000
American Electric Power,2016-12-16 13:30:22.000
American Electric Power,2016-12-16 13:49:15.000
American Express,2015-12-06 03:12:24.000
American Express,2015-12-06 03:15:33.000
American Express,2016-01-05 04:02:08.000
American Express,2016-01-05 04:06:56.000
American Express,2016-02-03 07:22:59.000
American Express,2016-02-03 07:24:13.000
American Express,2016-03-03 08:26:58.000
American Express,2016-04-01 19:07:48.000
American Express,2016-04-01 19:21:47.000
American Express,2016-04-30 02:39:05.000
American Express,2016-04-30 02:45:24.000
American Express,2016-05-30 21:27:08.000
American Express,2016-05-30 21:50:35.000
American Express,2016-06-29 02:26:18.000
American Express,2016-07-28 22:53:44.000
American Express,2016-08-26 19:27:54.000
American Express,2016-08-26 19:28:58.000
American Express,2016-09-24 20:49:53.000
American Express,2016-09-24 20:53:04.000
American Express,2016-10-23 03:52:31.000
American Express,2016-10-23 04:04:24.000
American Express,2016-11-21 12:00:46.000
American Express,2016-12-20 22:39:50.000
American Family Insurance Group,2013-12-04 04:53:25.000
American Family Insurance Group,2014-01-02 03:02:01.000
American Family Insurance Group,2014-01-02 03:09:11.000
American Family Insurance Group,2014-02-01 02:40:49.000
American Family Insurance Group,2014-03-02 20:00:29.000
American Family Insurance Group,2014-03-31 15:05:07.000
American Family Insurance Group,2014-03-31 15:19:48.000
American Family Insurance Group,2014-04-30 00:42:59.000
American Family Insurance Group,2014-04-30 00:44:45.000
American Family Insurance Group,2014-05-29 04:07:24.000
American Family Insurance Group,2014-05-29 04:16:37.000
American Family Insurance Group,2014-06-27 05:10:08.000
American Family Insurance Group,2014-07-27 04:01:47.000
American Family Insurance Group,2014-07-27 04:13:08.000
American Family Insurance Group,2014-08-25 07:51:20.000
American Family Insurance Group,2014-08-25 07:54:13.000
American Family Insurance Group,2014-09-23 12:25:12.000
American Family Insurance Group,2014-10-23 20:10:31.000
American Family Insurance Group,2014-11-21 20:18:54.000
American Family Insurance Group,2014-12-20 17:36:31.000
American Family Insurance Group,2014-12-20 17:52:03.000
American Family Insurance Group,2015-01-18 04:58:00.000
American Family Insurance Group,2015-02-17 21:59:57.000
American Family Insurance Group,2015-03-18 15:05:50.000
American Family Insurance Group,2015-04-16 10:04:55.000
American Family Insurance Group,2015-04-16 10:29:42.000
American Family Insurance Group,2015-05-15 22:41:28.000
American Family Insurance Group,2015-05-15 23:08:20.000
American Family Insurance Group,2015-06-14 12:22:49.000
American Family Insurance Group,2015-07-13 16:41:59.000
American Family Insurance Group,2015-07-13 16:58:57.000
American Family Insurance Group,2015-08-12 06:59:46.000
American Family Insurance Group,2015-09-10 12:21:47.000
American Family Insurance Group,2015-09-10 12:22:59.000
American Family Insurance Group,2015-10-10 09:00:22.000
American Family Insurance Group,2015-10-10 09:05:49.000
American Family Insurance Group,2015-11-09 17:56:39.000
American Family Insurance Group,2015-12-09 00:50:04.000
American Family Insurance Group,2015-12-09 01:07:24.000
American Family Insurance Group,2016-01-08 13:38:23.000
American Family Insurance Group,2016-02-07 15:09:12.000
American Family Insurance Group,2016-02-07 15:29:51.000
American Family Insurance Group,2016-03-08 02:52:05.000
American Family Insurance Group,2016-04-07 16:44:54.000
American Family Insurance Group,2016-04-07 16:58:44.000
American Family Insurance Group,2016-05-07 23:42:51.000
American Family Insurance Group,2016-06-06 09:18:03.000
American Family Insurance Group,2016-06-06 09:19:33.000
American Family Insurance Group,2016-07-06 11:14:16.000
American Family Insurance Group,2016-08-04 22:00:03.000
American Family Insurance Group,2016-08-04 22:07:29.000
American Family Insurance Group,2016-09-02 18:11:48.000
American Family Insurance Group,2016-09-02 18:27:13.000
American Family Insurance Group,2016-10-02 22:57:10.000
American Family Insurance Group,2016-10-31 08:07:26.000
American Family Insurance Group,2016-11-29 17:12:56.000
American Family Insurance Group,2016-12-28 12:41:22.000
Ameriprise Financial,2015-09-02 03:06:00.000
Ameriprise Financial,2015-09-02 03:17:07.000
Ameriprise Financial,2015-10-01 20:15:25.000
Ameriprise Financial,2015-10-30 09:55:17.000
Ameriprise Financial,2015-10-30 10:11:11.000
Ameriprise Financial,2015-11-28 14:28:03.000
Ameriprise Financial,2015-12-28 09:44:55.000
Ameriprise Financial,2015-12-28 09:50:09.000
Ameriprise Financial,2016-01-27 20:09:08.000
Ameriprise Financial,2016-02-26 05:02:32.000
Ameriprise Financial,2016-03-26 09:59:42.000
Ameriprise Financial,2016-03-26 10:12:12.000
Ameriprise Financial,2016-04-25 13:11:41.000
Ameriprise Financial,2016-05-24 04:09:14.000
Ameriprise Financial,2016-05-24 04:11:53.000
Ameriprise Financial,2016-06-23 07:07:17.000
Ameriprise Financial,2016-06-23 07:19:56.000
Ameriprise Financial,2016-07-23 16:10:22.000
Ameriprise Financial,2016-08-21 03:11:36.000
Ameriprise Financial,2016-09-20 05:17:41.000
Ameriprise Financial,2016-10-19 14:16:22.000
Ameriprise Financial,2016-11-17 17:51:58.000
Ameriprise Financial,2016-12-17 01:42:36.000
Ameriprise Financial,2016-12-17 01:56:38.000
AmerisourceBergen,2015-11-15 17:47:46.000
AmerisourceBergen,2015-11-15 17:49:49.000
AmerisourceBergen,2015-12-15 22:02:35.000
AmerisourceBergen,2015-12-15 22:10:01.000
Amgen,2016-02-02 15:21:25.000
Amgen,2016-02-02 15:42:26.000
Amgen,2016-03-03 04:14:52.000
Amgen,2016-04-02 17:06:48.000
Amgen,2016-05-02 20:11:40.000
Amgen,2016-05-31 09:34:22.000
Amgen,2016-05-31 09:42:19.000
Amgen,2016-06-30 04:29:38.000
Amgen,2016-07-29 11:01:39.000
Amgen,2016-07-29 11:04:39.000
Amgen,2016-08-27 22:53:46.000
Amgen,2016-08-27 23:20:08.000
Amgen,2016-09-26 19:21:05.000
Amgen,2016-09-26 19:31:46.000
Amgen,2016-10-25 12:30:39.000
Amgen,2016-10-25 12:48:00.000
Amgen,2016-11-23 23:24:58.000
Amgen,2016-11-23 23:34:37.000
Amgen,2016-12-22 09:10:26.000
Amgen,2016-12-22 09:18:15.000
Anadarko Petroleum,2015-09-08 02:54:49.000
Anadarko Petroleum,2015-09-08 02:58:46.000
Anadarko Petroleum,2015-10-08 11:33:59.000
Anadarko Petroleum,2015-11-06 03:27:13.000
Anadarko Petroleum,2015-11-06 03:33:59.000
Anadarko Petroleum,2015-12-05 14:42:06.000
Anadarko Petroleum,2016-01-04 00:13:13.000
Anadarko Petroleum,2016-02-01 06:39:21.000
Anadarko Petroleum,2016-03-02 14:16:50.000
Anadarko Petroleum,2016-04-01 23:28:02.000
Anadarko Petroleum,2016-04-01 23:48:22.000
Anadarko Petroleum,2016-04-30 09:37:56.000
Anadarko Petroleum,2016-04-30 09:38:58.000
Anadarko Petroleum,2016-05-30 11:28:42.000
Anadarko Petroleum,2016-05-30 11:45:13.000
Anadarko Petroleum,2016-06-29 10:05:31.000
Anadarko Petroleum,2016-07-29 08:20:01.000
Anadarko Petroleum,2016-08-28 21:06:49.000
Anadarko Petroleum,2016-08-28 21:08:53.000
Anadarko Petroleum,2016-09-27 20:40:22.000
Anadarko Petroleum,2016-09-27 21:02:58.000
Anadarko Petroleum,2016-10-27 01:13:14.000
Anadarko Petroleum,2016-11-25 23:34:22.000
Anadarko Petroleum,2016-11-25 23:42:10.000
Anadarko Petroleum,2016-12-25 00:37:58.000
Anthem,2015-12-15 20:55:46.000
Anthem,2016-01-13 13:22:10.000
Anthem,2016-02-12 02:48:55.000
Anthem,2016-02-12 03:00:04.000
Anthem,2016-03-12 05:24:14.000
Anthem,2016-03-12 05:27:19.000
Anthem,2016-04-10 10:45:57.000
Anthem,2016-05-10 07:50:58.000
Anthem,2016-05-10 08:08:26.000
Anthem,2016-06-09 08:07:37.000
Anthem,2016-07-08 00:36:43.000
Anthem,2016-08-07 10:28:22.000
Anthem,2016-09-05 09:19:09.000
Anthem,2016-10-05 04:56:24.000
Anthem,2016-10-05 04:58:23.000
Anthem,2016-11-03 03:07:50.000
Anthem,2016-11-03 03:10:18.000
Anthem,2016-12-03 13:18:02.000
Anthem,2016-12-03 13:23:52.000
Anthem,2017-01-01 09:35:07.000
Anthem,2017-01-01 09:38:53.000
Apple,2015-10-12 02:21:56.000
Apple,2015-10-12 02:31:30.000
Apple,2015-11-11 07:24:19.000
Apple,2015-11-11 07:37:01.000
Apple,2015-12-11 16:53:18.000
Apple,2016-01-10 09:12:52.000
Apple,2016-01-10 09:29:45.000
Apple,2016-02-09 00:50:46.000
Apple,2016-02-09 00:57:54.000
Apple,2016-03-10 00:38:52.000
Applied Materials,2016-12-10 06:43:57.000
Applied Materials,2016-12-10 06:49:41.000
Aramark,2016-08-04 21:11:50.000
Aramark,2016-08-04 21:24:41.000
Aramark,2016-09-02 01:17:54.000
Aramark,2016-09-02 01:37:52.000
Aramark,2016-10-01 08:47:56.000
Aramark,2016-10-31 05:31:18.000
Aramark,2016-11-30 19:57:10.000
Aramark,2016-12-30 06:02:29.000
Archer Daniels Midland,2013-12-12 16:26:53.000
Archer Daniels Midland,2013-12-12 16:33:14.000
Archer Daniels Midland,2014-01-11 15:51:28.000
Archer Daniels Midland,2014-01-11 16:03:10.000
Archer Daniels Midland,2014-02-10 16:20:09.000
Archer Daniels Midland,2014-02-10 16:22:01.000
Archer Daniels Midland,2014-03-11 12:33:29.000
Archer Daniels Midland,2014-03-11 12:40:24.000
Archer Daniels Midland,2014-04-10 00:04:50.000
Archer Daniels Midland,2014-04-10 00:26:02.000
Archer Daniels Midland,2014-05-10 20:40:32.000
Archer Daniels Midland,2014-05-10 20:44:42.000
Archer Daniels Midland,2014-06-09 13:49:14.000
Archer Daniels Midland,2014-07-09 22:55:30.000
Archer Daniels Midland,2014-07-09 23:00:01.000
Archer Daniels Midland,2014-08-07 02:51:46.000
Archer Daniels Midland,2014-09-05 07:30:12.000
Archer Daniels Midland,2014-10-05 01:17:52.000
Archer Daniels Midland,2014-10-05 01:34:27.000
Archer Daniels Midland,2014-11-03 03:26:57.000
Archer Daniels Midland,2014-11-03 03:30:33.000
Archer Daniels Midland,2014-12-02 11:30:17.000
Archer Daniels Midland,2014-12-02 11:31:30.000
Archer Daniels Midland,2015-01-01 18:38:31.000
Archer Daniels Midland,2015-01-01 18:47:25.000
Archer Daniels Midland,2015-01-31 19:56:17.000
Archer Daniels Midland,2015-01-31 19:57:34.000
Archer Daniels Midland,2015-03-01 12:22:10.000
Archer Daniels Midland,2015-03-01 12:40:09.000
Archer Daniels Midland,2015-03-31 12:58:43.000
Archer Daniels Midland,2015-03-31 13:07:53.000
Archer Daniels Midland,2015-04-29 07:10:46.000
Archer Daniels Midland,2015-05-29 17:23:42.000
Archer Daniels Midland,2015-05-29 17:26:58.000
Archer Daniels Midland,2015-06-28 11:42:37.000
Archer Daniels Midland,2015-07-27 15:29:37.000
Archer Daniels Midland,2015-07-27 15:36:41.000
Archer Daniels Midland,2015-08-26 12:49:08.000
Archer Daniels Midland,2015-09-25 09:26:58.000
Archer Daniels Midland,2015-09-25 09:53:44.000
Archer Daniels Midland,2015-10-25 21:53:08.000
Archer Daniels Midland,2015-11-23 22:50:07.000
Archer Daniels Midland,2015-11-23 22:50:15.000
Archer Daniels Midland,2015-12-23 10:21:56.000
Archer Daniels Midland,2015-12-23 10:46:54.000
Archer Daniels Midland,2016-01-22 04:45:23.000
Archer Daniels Midland,2016-01-22 04:54:42.000
Archer Daniels Midland,2016-02-20 18:57:13.000
Archer Daniels Midland,2016-03-21 06:54:52.000
Archer Daniels Midland,2016-03-21 06:58:23.000
Archer Daniels Midland,2016-04-19 02:59:03.000
Archer Daniels Midland,2016-04-19 03:11:21.000
Archer Daniels Midland,2016-05-18 00:11:57.000
Archer Daniels Midland,2016-05-18 00:25:05.000
Archer Daniels Midland,2016-06-16 03:19:47.000
Archer Daniels Midland,2016-07-16 04:42:07.000
Archer Daniels Midland,2016-08-15 06:59:04.000
Archer Daniels Midland,2016-08-15 06:59:39.000
Archer Daniels Midland,2016-09-14 19:00:14.000
Archer Daniels Midland,2016-09-14 19:09:07.000
Archer Daniels Midland,2016-10-14 13:11:57.000
Archer Daniels Midland,2016-10-14 13:12:05.000
Archer Daniels Midland,2016-11-12 07:27:45.000
Archer Daniels Midland,2016-11-12 07:34:34.000
Archer Daniels Midland,2016-12-12 03:35:14.000
Archer Daniels Midland,2016-12-12 03:59:34.000
Arrow Electronics,2013-12-24 20:36:08.000
Arrow Electronics,2013-12-24 20:42:09.000
Arrow Electronics,2014-01-22 22:09:34.000
Arrow Electronics,2014-01-22 22:12:26.000
Arrow Electronics,2014-02-21 06:11:06.000
Arrow Electronics,2014-02-21 06:30:36.000
Arrow Electronics,2014-03-22 10:09:54.000
Arrow Electronics,2014-03-22 10:17:05.000
Arrow Electronics,2014-04-21 02:47:01.000
Arrow Electronics,2014-04-21 03:02:14.000
Arrow Electronics,2014-05-20 11:44:40.000
Arrow Electronics,2014-05-20 11:58:51.000
Arrow Electronics,2014-06-19 04:27:54.000
Arrow Electronics,2014-06-19 04:45:54.000
Arrow Electronics,2014-07-18 07:22:38.000
Arrow Electronics,2014-07-18 07:29:30.000
Arrow Electronics,2014-08-17 19:48:33.000
Arrow Electronics,2014-08-17 19:55:30.000
Arrow Electronics,2014-09-16 21:33:17.000
Arrow Electronics,2014-10-16 06:54:46.000
Arrow Electronics,2014-10-16 07:07:08.000
Arrow Electronics,2014-11-15 22:58:29.000
Arrow Electronics,2014-11-15 23:24:45.000
Arrow Electronics,2014-12-15 10:09:32.000
Arrow Electronics,2014-12-15 10:20:01.000
Arrow Electronics,2015-01-14 04:39:37.000
Arrow Electronics,2015-01-14 04:59:44.000
Arrow Electronics,2015-02-12 12:43:39.000
Arrow Electronics,2015-02-12 12:51:57.000
Arrow Electronics,2015-03-13 23:41:17.000
Arrow Electronics,2015-04-11 01:55:51.000
Arrow Electronics,2015-04-11 02:00:33.000
Arrow Electronics,2015-05-11 11:17:45.000
Arrow Electronics,2015-05-11 11:37:10.000
Arrow Electronics,2015-06-10 18:01:23.000
Arrow Electronics,2015-07-10 11:21:47.000
Arrow Electronics,2015-07-10 11:41:53.000
Arrow Electronics,2015-08-09 07:58:08.000
Arrow Electronics,2015-08-09 08:07:58.000
Arrow Electronics,2015-09-08 21:32:14.000
Arrow Electronics,2015-10-07 13:49:06.000
Arrow Electronics,2015-10-07 14:12:54.000
Arrow Electronics,2015-11-05 16:31:50.000
Arrow Electronics,2015-12-05 04:56:32.000
Arrow Electronics,2016-01-04 19:37:56.000
Arrow Electronics,2016-01-04 19:54:00.000
Arrow Electronics,2016-02-02 07:11:27.000
Arrow Electronics,2016-02-02 07:33:36.000
Arrow Electronics,2016-03-02 15:37:27.000
Arrow Electronics,2016-03-02 15:54:27.000
Arrow Electronics,2016-04-01 06:10:39.000
Arrow Electronics,2016-05-01 10:17:25.000
Arrow Electronics,2016-05-01 10:19:58.000
Arrow Electronics,2016-05-30 00:20:29.000
Arrow Electronics,2016-05-30 00:23:59.000
Arrow Electronics,2016-06-29 16:30:28.000
Arrow Electronics,2016-06-29 16:33:54.000
Arrow Electronics,2016-07-29 02:58:06.000
Arrow Electronics,2016-07-29 03:13:49.000
Arrow Electronics,2016-08-28 11:04:53.000
Arrow Electronics,2016-08-28 11:11:44.000
Arrow Electronics,2016-09-27 17:04:58.000
Arrow Electronics,2016-10-27 03:38:07.000
Arrow Electronics,2016-10-27 03:39:28.000
Arrow Electronics,2016-11-25 07:25:38.000
Arrow Electronics,2016-11-25 07:30:29.000
Arrow Electronics,2016-12-25 16:58:10.000
Assurant,2016-12-09 09:51:27.000
AutoNation,2013-12-16 06:16:57.000
AutoNation,2013-12-16 06:34:38.000
AutoNation,2014-01-15 03:50:09.000
AutoNation,2014-01-15 03:51:03.000
AutoNation,2014-02-13 21:09:51.000
AutoNation,2014-02-13 21:32:38.000
AutoNation,2014-03-15 17:05:21.000
AutoNation,2014-04-13 13:58:34.000
AutoNation,2014-04-13 14:06:30.000
AutoNation,2014-05-12 15:16:42.000
AutoNation,2014-05-12 15:32:12.000
AutoNation,2014-06-11 03:18:19.000
AutoNation,2014-06-11 03:28:56.000
AutoNation,2014-07-10 13:51:26.000
AutoNation,2014-08-08 18:04:54.000
AutoNation,2014-09-06 12:42:54.000
AutoNation,2014-09-06 12:49:59.000
AutoNation,2014-10-05 05:01:16.000
AutoNation,2014-10-05 05:02:54.000
AutoNation,2014-11-04 11:08:09.000
AutoNation,2014-12-04 07:06:02.000
AutoNation,2015-01-03 22:31:31.000
AutoNation,2015-01-03 22:33:02.000
AutoNation,2015-02-01 22:07:06.000
AutoNation,2015-02-01 22:26:16.000
AutoNation,2015-03-02 00:27:50.000
AutoNation,2015-04-01 08:19:12.000
AutoNation,2015-04-01 08:19:45.000
AutoNation,2015-05-01 13:52:09.000
AutoNation,2015-05-31 20:14:35.000
AutoNation,2015-06-30 03:56:47.000
AutoNation,2015-07-29 01:23:10.000
AutoNation,2015-08-27 12:45:08.000
AutoNation,2015-08-27 12:47:53.000
AutoNation,2015-09-26 20:41:01.000
AutoNation,2015-09-26 20:43:29.000
AutoNation,2015-10-26 10:23:17.000
AutoNation,2015-11-25 16:55:05.000
AutoNation,2015-11-25 16:57:51.000
AutoNation,2015-12-25 22:34:42.000
AutoNation,2015-12-25 22:49:45.000
AutoNation,2016-01-24 02:21:50.000
AutoNation,2016-01-24 02:41:12.000
AutoNation,2016-02-22 10:32:41.000
AutoNation,2016-03-23 04:19:09.000
AutoNation,2016-04-21 03:52:22.000
AutoNation,2016-04-21 03:59:31.000
AutoNation,2016-05-21 23:49:37.000
AutoNation,2016-06-20 10:44:25.000
AutoNation,2016-06-20 10:48:39.000
AutoNation,2016-07-20 03:28:45.000
AutoNation,2016-08-18 02:45:19.000
AutoNation,2016-09-16 05:17:07.000
AutoNation,2016-09-16 05:29:28.000
AutoNation,2016-10-16 08:28:39.000
AutoNation,2016-12-15 00:16:07.000
AutoZone,2016-04-18 03:47:53.000
AutoZone,2016-05-17 00:15:49.000
AutoZone,2016-05-17 00:39:09.000
AutoZone,2016-06-15 13:02:14.000
AutoZone,2016-06-15 13:24:11.000
AutoZone,2016-07-15 02:42:10.000
AutoZone,2016-07-15 02:50:06.000
AutoZone,2016-08-14 08:54:45.000
AutoZone,2016-08-14 09:06:19.000
AutoZone,2016-09-13 22:37:00.000
AutoZone,2016-10-12 17:27:55.000
AutoZone,2016-10-12 17:34:33.000
AutoZone,2016-11-11 16:20:15.000
AutoZone,2016-11-11 16:24:25.000
AutoZone,2016-12-11 00:46:29.000
AutoZone,2016-12-11 00:47:54.000
Autoliv,2016-11-22 07:33:05.000
Autoliv,2016-11-22 07:57:27.000
Autoliv,2016-12-21 09:22:20.000
Avis Budget Group,2013-12-28 18:26:50.000
Avis Budget Group,2013-12-28 18:36:42.000
Avis Budget Group,2014-01-26 19:28:18.000
Avis Budget Group,2014-01-26 19:33:03.000
Avis Budget Group,2014-03-26 23:14:26.000
Avis Budget Group,2014-03-26 23:42:28.000
Avis Budget Group,2014-04-24 07:27:16.000
Avis Budget Group,2014-04-24 07:34:16.000
Avis Budget Group,2014-05-24 17:04:08.000
Avis Budget Group,2014-05-24 17:25:23.000
Avis Budget Group,2014-06-22 07:49:21.000
Avis Budget Group,2014-06-22 07:50:48.000
Avis Budget Group,2014-07-22 08:55:46.000
Avis Budget Group,2014-08-21 16:12:05.000
Avis Budget Group,2014-08-21 16:27:16.000
Avis Budget Group,2014-09-20 23:49:23.000
Avis Budget Group,2014-10-19 15:56:38.000
Avis Budget Group,2014-11-17 13:03:49.000
Avis Budget Group,2014-12-16 09:59:52.000
Avis Budget Group,2014-12-16 10:20:00.000
Avis Budget Group,2015-01-15 06:14:31.000
Avis Budget Group,2015-02-13 01:12:53.000
Avis Budget Group,2015-02-13 01:30:19.000
Avis Budget Group,2015-03-15 04:16:19.000
Avis Budget Group,2015-03-15 04:26:35.000
Avis Budget Group,2015-04-13 02:53:38.000
Avis Budget Group,2015-05-12 22:36:17.000
Avis Budget Group,2015-05-12 22:47:41.000
Avis Budget Group,2015-06-10 05:04:35.000
Avis Budget Group,2015-06-10 05:13:03.000
Avis Budget Group,2015-07-10 04:27:14.000
Avis Budget Group,2015-07-10 04:41:58.000
Avis Budget Group,2015-08-09 17:47:52.000
Avis Budget Group,2015-08-09 17:57:51.000
Avis Budget Group,2015-09-07 18:02:26.000
Avis Budget Group,2015-09-07 18:09:21.000
Avis Budget Group,2015-10-07 09:11:04.000
Avis Budget Group,2015-10-07 09:12:59.000
Avis Budget Group,2015-11-06 19:44:50.000
Avis Budget Group,2015-11-06 19:45:39.000
Avis Budget Group,2015-12-05 12:05:04.000
Avis Budget Group,2015-12-05 12:08:42.000
Avis Budget Group,2016-01-04 21:29:00.000
Avis Budget Group,2016-01-04 21:38:24.000
Avis Budget Group,2016-02-03 13:21:35.000
Avis Budget Group,2016-03-04 16:06:50.000
Avis Budget Group,2016-03-04 16:12:57.000
Avis Budget Group,2016-04-03 02:30:29.000
Avis Budget Group,2016-05-02 10:07:12.000
Avis Budget Group,2016-06-01 13:49:44.000
Avis Budget Group,2016-06-01 13:58:04.000
Avis Budget Group,2016-06-30 21:03:38.000
Avis Budget Group,2016-07-30 16:25:49.000
Avis Budget Group,2016-08-29 21:10:50.000
Avis Budget Group,2016-08-29 21:25:16.000
Avis Budget Group,2016-09-27 18:49:08.000
Avis Budget Group,2016-09-27 19:01:06.000
Avis Budget Group,2016-10-27 01:56:32.000
Avis Budget Group,2016-11-26 16:52:56.000
Avis Budget Group,2016-12-26 18:58:12.000
Avis Budget Group,2016-12-26 19:09:46.000
Avnet,2016-05-19 08:50:12.000
Avnet,2016-06-18 04:21:29.000
Avnet,2016-06-18 04:22:23.000
Avnet,2016-07-17 03:11:42.000
Avnet,2016-07-17 03:13:29.000
Avnet,2016-08-16 01:37:06.000
Avnet,2016-08-16 01:56:27.000
Avnet,2016-09-15 07:03:35.000
Avnet,2016-09-15 07:19:29.000
Avnet,2016-10-14 13:25:41.000
Avnet,2016-10-14 13:29:21.000
Avnet,2016-11-13 17:58:50.000
Avnet,2016-11-13 18:09:19.000
Avnet,2016-12-13 22:44:16.000
Avnet,2016-12-13 22:46:29.000
BB&T Corp.,2015-11-30 02:01:33.000
BB&T Corp.,2015-11-30 02:28:37.000
BB&T Corp.,2015-12-30 12:51:46.000
BB&T Corp.,2015-12-30 12:59:16.000
BB&T Corp.,2016-01-29 16:56:23.000
BB&T Corp.,2016-01-29 17:11:50.000
BB&T Corp.,2016-02-28 08:04:33.000
BB&T Corp.,2016-02-28 08:25:39.000
BB&T Corp.,2016-03-29 19:19:10.000
BB&T Corp.,2016-03-29 19:34:15.000
BB&T Corp.,2016-04-28 23:47:04.000
BB&T Corp.,2016-05-27 19:58:19.000
BB&T Corp.,2016-05-27 20:09:22.000
BB&T Corp.,2016-06-26 13:15:25.000
BB&T Corp.,2016-07-26 10:31:58.000
BB&T Corp.,2016-07-26 10:57:01.000
BB&T Corp.,2016-08-25 09:53:50.000
BB&T Corp.,2016-08-25 10:04:01.000
BB&T Corp.,2016-09-23 23:32:59.000
BB&T Corp.,2016-10-23 20:58:44.000
BB&T Corp.,2016-10-23 21:03:34.000
BB&T Corp.,2016-11-22 19:29:45.000
BB&T Corp.,2016-11-22 19:47:47.000
BB&T Corp.,2016-12-22 17:35:59.000
BB&T Corp.,2016-12-22 18:00:16.000
Baker Hughes,2013-12-19 16:52:20.000
Baker Hughes,2013-12-19 16:57:14.000
Baker Hughes,2014-01-18 08:35:10.000
Baker Hughes,2014-02-16 10:00:48.000
Baker Hughes,2014-02-16 10:01:32.000
Baker Hughes,2014-03-18 09:38:22.000
Ball,2016-12-21 08:49:30.000
Bank of America Corp.,2013-12-11 20:36:06.000
Bank of America Corp.,2013-12-11 20:42:09.000
Bank of America Corp.,2014-01-09 04:41:26.000
Bank of America Corp.,2014-02-07 20:51:49.000
Bank of America Corp.,2014-02-07 21:05:25.000
Bank of America Corp.,2014-03-08 06:23:33.000
Bank of America Corp.,2014-03-08 06:36:38.000
Bank of America Corp.,2014-04-07 10:45:53.000
Bank of America Corp.,2014-04-07 10:57:41.000
Bank of America Corp.,2014-05-07 21:11:36.000
Bank of America Corp.,2014-05-07 21:23:16.000
Bank of America Corp.,2014-06-06 16:10:23.000
Bank of America Corp.,2014-06-06 16:12:08.000
Bank of America Corp.,2014-07-05 04:17:47.000
Bank of America Corp.,2014-08-04 19:32:29.000
Bank of America Corp.,2014-08-04 19:38:39.000
Bank of America Corp.,2014-09-03 12:48:55.000
Bank of America Corp.,2014-10-02 23:07:32.000
Bank of America Corp.,2014-11-01 02:15:24.000
Bank of America Corp.,2014-12-01 09:31:47.000
Bank of America Corp.,2014-12-01 09:39:08.000
Bank of America Corp.,2014-12-30 02:10:42.000
Bank of America Corp.,2014-12-30 02:30:01.000
Bank of America Corp.,2015-01-28 10:17:39.000
Bank of New York Mellon Corp.,2016-12-10 09:40:01.000
Baxter International,2016-06-09 20:30:10.000
Baxter International,2016-07-08 21:10:37.000
Baxter International,2016-07-08 21:15:10.000
Baxter International,2016-08-06 02:04:54.000
Baxter International,2016-09-05 16:37:11.000
Baxter International,2016-10-05 20:57:33.000
Baxter International,2016-11-03 15:57:03.000
Baxter International,2016-12-03 11:44:49.000
Baxter International,2016-12-03 11:48:36.000
Becton Dickinson,2016-01-26 19:42:24.000
Becton Dickinson,2016-02-25 03:29:18.000
Becton Dickinson,2016-02-25 03:31:20.000
Becton Dickinson,2016-03-25 15:16:40.000
Becton Dickinson,2016-04-23 22:20:05.000
Becton Dickinson,2016-04-23 22:23:30.000
Becton Dickinson,2016-05-22 19:06:24.000
Becton Dickinson,2016-05-22 19:34:09.000
Becton Dickinson,2016-06-21 11:03:51.000
Becton Dickinson,2016-06-21 11:06:42.000
Bed Bath & Beyond,2013-12-31 02:04:00.000
Berkshire Hathaway,2016-12-25 03:54:27.000
Best Buy,2013-12-12 04:47:28.000
Best Buy,2014-01-11 11:12:30.000
Best Buy,2014-01-11 11:13:37.000
Best Buy,2014-03-12 22:32:17.000
Best Buy,2014-03-12 22:34:36.000
Best Buy,2014-04-10 00:50:53.000
Best Buy,2014-04-10 00:58:45.000
Best Buy,2014-05-09 17:11:07.000
Best Buy,2014-06-08 19:37:44.000
Best Buy,2014-07-07 11:11:06.000
Best Buy,2014-07-07 11:12:58.000
Best Buy,2014-08-05 22:34:32.000
Best Buy,2014-09-05 00:26:58.000
Best Buy,2014-10-04 09:43:49.000
Best Buy,2014-11-03 20:24:42.000
Best Buy,2014-11-03 20:34:19.000
Best Buy,2014-12-02 16:23:48.000
Best Buy,2014-12-31 06:56:13.000
Best Buy,2015-01-29 22:27:30.000
Best Buy,2015-01-29 22:34:59.000
Best Buy,2015-02-28 06:06:12.000
Best Buy,2015-03-30 12:32:36.000
Best Buy,2015-03-30 12:38:50.000
Best Buy,2015-04-28 22:15:07.000
Best Buy,2015-04-28 22:17:21.000
Best Buy,2015-05-27 01:41:10.000
Best Buy,2015-05-27 01:57:06.000
Best Buy,2015-06-26 22:22:20.000
Best Buy,2015-06-26 22:25:49.000
Best Buy,2015-07-26 08:21:14.000
Best Buy,2015-07-26 08:26:40.000
Best Buy,2015-08-25 04:33:24.000
Best Buy,2015-08-25 04:44:56.000
Best Buy,2015-09-24 21:02:25.000
Best Buy,2015-09-24 21:02:58.000
Best Buy,2015-10-23 19:57:15.000
Best Buy,2015-11-22 08:40:59.000
Best Buy,2015-12-22 12:00:27.000
Best Buy,2016-01-21 20:31:01.000
Best Buy,2016-02-19 23:08:06.000
Best Buy,2016-02-19 23:12:22.000
Best Buy,2016-03-19 21:50:29.000
Best Buy,2016-03-19 21:56:00.000
Best Buy,2016-04-18 16:19:00.000
Best Buy,2016-04-18 16:24:07.000
Best Buy,2016-05-18 21:11:14.000
Best Buy,2016-05-18 21:19:27.000
Best Buy,2016-06-16 16:18:51.000
Best Buy,2016-07-15 13:20:59.000
Best Buy,2016-07-15 13:21:59.000
Best Buy,2016-08-14 12:16:52.000
Best Buy,2016-08-14 12:22:02.000
Best Buy,2016-09-12 07:26:39.000
Best Buy,2016-09-12 07:33:25.000
Best Buy,2016-10-12 17:14:05.000
Best Buy,2016-11-10 04:27:02.000
Best Buy,2016-11-10 04:40:49.000
Best Buy,2016-12-09 22:51:53.000
Biogen,2016-10-25 23:01:22.000
Biogen,2016-10-25 23:16:23.000
Biogen,2016-11-23 21:37:21.000
Biogen,2016-11-23 21:53:15.000
Biogen,2016-12-23 10:01:14.000
BlackRock,2013-12-06 23:45:16.000
BlackRock,2013-12-06 23:47:45.000
BlackRock,2014-01-05 13:14:24.000
BlackRock,2014-01-05 13:27:33.000
BlackRock,2014-02-04 08:55:27.000
BlackRock,2014-02-04 09:07:39.000
BlackRock,2014-03-05 22:41:30.000
BlackRock,2014-03-05 22:52:21.000
BlackRock,2014-04-04 21:04:03.000
BlackRock,2014-04-04 21:12:41.000
BlackRock,2014-05-03 05:33:21.000
BlackRock,2014-06-01 16:38:18.000
BlackRock,2014-06-01 16:50:35.000
BlackRock,2014-06-30 08:30:39.000
BlackRock,2014-07-30 03:15:19.000
BlackRock,2014-08-29 22:31:34.000
BlackRock,2014-08-29 22:43:00.000
BlackRock,2014-09-28 02:45:18.000
BlackRock,2014-09-28 02:53:42.000
BlackRock,2014-10-27 06:54:28.000
BlackRock,2014-11-26 12:37:52.000
BlackRock,2014-12-25 06:48:34.000
BlackRock,2015-01-23 22:45:11.000
BlackRock,2015-02-22 09:54:25.000
BlackRock,2015-02-22 10:15:44.000
BlackRock,2015-03-23 18:15:16.000
BlackRock,2015-03-23 18:17:51.000
BlackRock,2015-04-21 12:22:15.000
BlackRock,2015-04-21 12:41:57.000
BlackRock,2015-05-21 11:59:19.000
BlackRock,2015-05-21 12:07:48.000
BlackRock,2015-06-20 18:15:19.000
BlackRock,2015-07-19 16:16:34.000
BlackRock,2015-07-19 16:23:17.000
BlackRock,2015-08-17 03:23:33.000
BlackRock,2015-08-17 03:38:19.000
BlackRock,2015-09-15 10:09:31.000
BlackRock,2015-10-15 16:47:33.000
BlackRock,2015-11-14 20:08:44.000
BlackRock,2015-12-13 00:47:53.000
BlackRock,2015-12-13 00:49:22.000
BlackRock,2016-01-12 17:38:33.000
BlackRock,2016-02-11 17:27:20.000
BlackRock,2016-03-11 03:25:13.000
BlackRock,2016-04-09 16:08:12.000
BlackRock,2016-04-09 16:13:20.000
BlackRock,2016-05-08 11:44:04.000
BlackRock,2016-05-08 11:45:35.000
BlackRock,2016-06-06 20:12:04.000
BlackRock,2016-06-06 20:32:27.000
BlackRock,2016-07-06 18:00:07.000
BlackRock,2016-08-05 08:17:31.000
BlackRock,2016-08-05 08:21:02.000
BlackRock,2016-09-04 17:04:07.000
BlackRock,2016-10-03 19:57:54.000
BlackRock,2016-11-01 16:21:02.000
BlackRock,2016-12-01 12:10:24.000
BlackRock,2016-12-31 04:33:32.000
Boeing,2016-02-26 03:23:36.000
Boeing,2016-03-27 11:31:53.000
Boeing,2016-03-27 11:35:30.000
Boeing,2016-04-26 17:01:44.000
Boeing,2016-05-26 17:33:07.000
Boeing,2016-05-26 17:41:23.000
Boeing,2016-06-25 12:27:15.000
Boeing,2016-07-24 06:33:56.000
Boeing,2016-08-23 15:37:48.000
Boeing,2016-08-23 15:39:38.000
Boeing,2016-09-22 23:57:51.000
Boeing,2016-09-23 00:10:40.000
Boeing,2016-10-21 22:54:32.000
Boeing,2016-11-20 15:16:58.000
Boeing,2016-12-20 14:07:59.000
BorgWarner,2016-03-03 06:48:09.000
BorgWarner,2016-03-03 06:49:37.000
BorgWarner,2016-04-01 18:56:22.000
BorgWarner,2016-04-01 18:57:07.000
BorgWarner,2016-04-30 07:30:32.000
BorgWarner,2016-04-30 07:35:02.000
BorgWarner,2016-05-29 23:25:59.000
BorgWarner,2016-05-29 23:39:21.000
BorgWarner,2016-06-27 11:57:39.000
BorgWarner,2016-07-27 14:48:01.000
BorgWarner,2016-07-27 15:02:49.000
Bristol-Myers Squibb,2014-12-17 18:53:15.000
Bristol-Myers Squibb,2014-12-17 18:59:31.000
Bristol-Myers Squibb,2015-01-15 08:02:18.000
Bristol-Myers Squibb,2015-01-15 08:05:18.000
Bristol-Myers Squibb,2015-02-13 18:55:44.000
Bristol-Myers Squibb,2015-02-13 19:01:51.000
Bristol-Myers Squibb,2015-03-14 12:20:34.000
Bristol-Myers Squibb,2015-04-12 08:56:46.000
Bristol-Myers Squibb,2015-04-12 09:16:35.000
Bristol-Myers Squibb,2015-05-11 05:16:49.000
Bristol-Myers Squibb,2015-05-11 05:26:22.000
Bristol-Myers Squibb,2015-06-09 17:47:26.000
Bristol-Myers Squibb,2015-06-09 17:53:39.000
Bristol-Myers Squibb,2015-07-09 06:47:21.000
Bristol-Myers Squibb,2015-07-09 06:50:55.000
Bristol-Myers Squibb,2015-08-08 16:29:13.000
Bristol-Myers Squibb,2015-09-07 20:38:33.000
Bristol-Myers Squibb,2015-09-07 20:51:23.000
Bristol-Myers Squibb,2015-10-07 04:17:13.000
Bristol-Myers Squibb,2015-11-06 01:46:17.000
Bristol-Myers Squibb,2015-11-06 02:02:19.000
Bristol-Myers Squibb,2015-12-06 09:23:15.000
Bristol-Myers Squibb,2016-01-04 04:35:25.000
Bristol-Myers Squibb,2016-02-02 07:41:40.000
Bristol-Myers Squibb,2016-03-02 15:15:53.000
Bristol-Myers Squibb,2016-04-01 18:34:43.000
Bristol-Myers Squibb,2016-04-30 21:57:16.000
Bristol-Myers Squibb,2016-04-30 22:02:52.000
Bristol-Myers Squibb,2016-05-30 20:25:30.000
Bristol-Myers Squibb,2016-05-30 20:32:37.000
Bristol-Myers Squibb,2016-06-29 08:04:36.000
Bristol-Myers Squibb,2016-06-29 08:16:21.000
Bristol-Myers Squibb,2016-07-29 04:59:47.000
Bristol-Myers Squibb,2016-07-29 05:13:00.000
Bristol-Myers Squibb,2016-08-27 02:51:23.000
Bristol-Myers Squibb,2016-08-27 02:53:56.000
Bristol-Myers Squibb,2016-09-25 22:48:57.000
Bristol-Myers Squibb,2016-09-25 23:02:16.000
Bristol-Myers Squibb,2016-10-25 05:49:09.000
Bristol-Myers Squibb,2016-10-25 05:51:01.000
Bristol-Myers Squibb,2016-11-23 03:55:29.000
Bristol-Myers Squibb,2016-12-23 05:40:52.000
Bristol-Myers Squibb,2016-12-23 05:59:14.000
Broadcom,2016-03-26 20:17:34.000
Broadcom,2016-04-24 05:15:01.000
Broadcom,2016-04-24 05:19:15.000
Broadcom,2016-05-24 09:06:09.000
Broadcom,2016-05-24 09:06:18.000
Broadcom,2016-06-23 05:18:17.000
Broadcom,2016-06-23 05:21:53.000
Broadcom,2016-07-23 00:12:53.000
Broadcom,2016-08-20 03:33:49.000
Broadcom,2016-08-20 03:55:14.000
Broadcom,2016-09-19 11:00:06.000
Broadcom,2016-09-19 11:16:32.000
Broadcom,2016-10-19 13:25:42.000
Broadcom,2016-10-19 13:39:27.000
Broadcom,2016-11-17 12:22:41.000
Broadcom,2016-11-17 12:26:49.000
Broadcom,2016-12-16 12:31:55.000
Broadcom,2016-12-16 12:34:09.000
C.H. Robinson Worldwide,2016-12-27 18:15:54.000
C.H. Robinson Worldwide,2016-12-27 18:21:23.000
CBRE Group,2016-12-28 12:32:19.000
CBRE Group,2016-12-28 12:40:37.000
CBS,2016-12-03 11:46:47.000
CDW,2015-10-25 10:43:12.000
CDW,2015-10-25 10:53:25.000
CDW,2015-11-24 11:53:56.000
CDW,2015-11-24 11:57:43.000
CDW,2015-12-24 12:47:47.000
CDW,2015-12-24 13:04:14.000
CDW,2016-01-23 17:09:39.000
CDW,2016-01-23 17:20:35.000
CDW,2016-02-22 12:50:13.000
CDW,2016-03-23 19:01:36.000
CDW,2016-03-23 19:13:44.000
CDW,2016-04-21 18:43:37.000
CDW,2016-05-20 23:36:52.000
CDW,2016-05-20 23:45:38.000
CDW,2016-06-18 04:20:31.000
CDW,2016-07-18 20:10:27.000
CDW,2016-07-18 20:29:20.000
CDW,2016-08-16 06:24:47.000
CDW,2016-08-16 06:28:21.000
CDW,2016-09-15 10:49:32.000
CDW,2016-09-15 11:04:27.000
CDW,2016-10-15 15:30:13.000
CDW,2016-10-15 15:33:00.000
CDW,2016-11-14 20:21:23.000
CDW,2016-11-14 20:32:34.000
CDW,2016-12-13 06:36:05.000
CDW,2016-12-13 07:00:08.000
CHS,2015-12-01 02:50:40.000
CHS,2015-12-30 19:01:13.000
CHS,2016-01-29 04:21:08.000
CHS,2016-02-27 13:16:14.000
CHS,2016-03-27 16:41:14.000
CHS,2016-03-27 16:49:26.000
CHS,2016-04-26 22:08:43.000
CHS,2016-05-26 17:48:19.000
CHS,2016-05-26 17:51:16.000
CHS,2016-06-24 02:06:31.000
CHS,2016-06-24 02:12:00.000
CHS,2016-07-24 02:29:29.000
CHS,2016-07-24 02:32:03.000
CHS,2016-08-23 22:57:13.000
CHS,2016-08-23 23:07:24.000
CHS,2016-09-21 12:11:39.000
CHS,2016-09-21 12:34:28.000
CHS,2016-10-20 05:49:12.000
CHS,2016-10-20 05:51:25.000
CHS,2016-11-19 00:03:15.000
CHS,2016-11-19 00:12:14.000
CHS,2016-12-18 03:05:45.000
CHS,2016-12-18 03:06:12.000
CST Brands,2014-04-22 12:43:39.000
CST Brands,2014-04-22 12:51:59.000
CST Brands,2014-05-22 14:02:58.000
CST Brands,2014-06-20 04:42:58.000
CST Brands,2014-06-20 05:00:21.000
CST Brands,2014-07-20 07:21:29.000
CST Brands,2014-08-19 14:18:14.000
CST Brands,2014-08-19 14:32:58.000
CST Brands,2014-09-18 03:40:07.000
CST Brands,2014-10-18 12:55:22.000
CST Brands,2014-11-16 12:59:13.000
CST Brands,2014-11-16 13:07:01.000
CST Brands,2014-12-16 07:55:26.000
CST Brands,2015-01-15 08:14:15.000
CST Brands,2015-02-14 06:17:51.000
CST Brands,2015-02-14 06:30:08.000
CST Brands,2015-03-15 04:25:53.000
CST Brands,2015-04-13 18:16:49.000
CST Brands,2015-05-13 05:58:11.000
CST Brands,2015-06-11 18:17:28.000
CST Brands,2015-06-11 18:33:42.000
CST Brands,2015-07-10 08:01:54.000
CST Brands,2015-08-08 23:09:13.000
CST Brands,2015-09-06 03:21:29.000
CST Brands,2015-09-06 03:49:05.000
CST Brands,2015-10-06 01:39:34.000
CST Brands,2015-11-04 23:30:10.000
CST Brands,2015-11-04 23:40:57.000
CST Brands,2015-12-03 01:45:04.000
CST Brands,2015-12-03 01:51:25.000
CST Brands,2016-01-02 23:16:53.000
CST Brands,2016-01-02 23:27:53.000
CST Brands,2016-02-01 10:56:48.000
CST Brands,2016-03-01 23:29:29.000
CST Brands,2016-03-31 05:41:55.000
CST Brands,2016-03-31 05:45:03.000
CST Brands,2016-04-30 14:49:09.000
CST Brands,2016-05-30 08:38:36.000
CST Brands,2016-06-28 02:50:07.000
CST Brands,2016-07-27 21:16:48.000
CST Brands,2016-07-27 21:20:57.000
CST Brands,2016-08-26 06:00:33.000
CST Brands,2016-08-26 06:00:36.000
CST Brands,2016-09-24 13:18:15.000
CST Brands,2016-09-24 13:25:44.000
CST Brands,2016-10-23 04:58:16.000
CST Brands,2016-11-21 20:23:23.000
CST Brands,2016-12-21 08:55:12.000
CST Brands,2016-12-21 09:13:33.000
CSX,2016-05-30 02:17:21.000
CSX,2016-05-30 02:29:47.000
CSX,2016-06-29 07:35:18.000
CSX,2016-07-29 13:43:28.000
CSX,2016-07-29 13:45:26.000
CSX,2016-08-27 04:58:32.000
CSX,2016-08-27 05:18:24.000
CVS Health,2016-10-19 15:47:59.000
CVS Health,2016-10-19 16:04:11.000
CVS Health,2016-11-17 08:43:27.000
CVS Health,2016-11-17 08:59:38.000
CVS Health,2016-12-16 21:32:36.000
CVS Health,2016-12-16 21:42:23.000
Cameron International,2015-05-09 01:00:46.000
Cameron International,2015-05-09 01:15:34.000
Cameron International,2015-06-07 03:57:30.000
Cameron International,2015-06-07 04:05:51.000
Cameron International,2015-07-07 16:12:06.000
Cameron International,2015-08-05 23:08:36.000
Cameron International,2015-08-05 23:11:47.000
Cameron International,2015-09-04 19:18:28.000
Cameron International,2015-10-04 08:31:18.000
Cameron International,2015-11-03 23:46:57.000
Cameron International,2015-12-02 02:17:05.000
Cameron International,2015-12-02 02:24:42.000
Cameron International,2015-12-31 15:11:15.000
Cameron International,2016-01-29 03:00:33.000
Cameron International,2016-02-27 20:38:37.000
Cameron International,2016-03-27 08:28:32.000
Cameron International,2016-04-25 04:03:54.000
Cameron International,2016-05-25 09:42:28.000
Cameron International,2016-06-24 07:29:33.000
Cameron International,2016-06-24 07:40:53.000
Cameron International,2016-07-23 14:32:34.000
Cameron International,2016-07-23 14:33:06.000
Cameron International,2016-08-22 00:24:20.000
Cameron International,2016-09-21 21:34:34.000
Cameron International,2016-09-21 21:42:32.000
Cameron International,2016-10-21 18:17:21.000
Cameron International,2016-11-19 12:07:05.000
Cameron International,2016-12-19 18:12:05.000
Campbell Soup,2016-10-26 11:59:28.000
Campbell Soup,2016-10-26 12:00:17.000
Campbell Soup,2016-11-24 05:31:16.000
Campbell Soup,2016-11-24 05:46:50.000
Campbell Soup,2016-12-24 13:40:54.000
Campbell Soup,2016-12-24 13:44:45.000
Capital One Financial,2013-12-27 05:09:46.000
Capital One Financial,2014-01-26 13:22:02.000
Capital One Financial,2014-01-26 13:25:48.000
Capital One Financial,2014-02-24 02:59:58.000
Capital One Financial,2014-03-26 05:52:21.000
Capital One Financial,2014-03-26 05:57:29.000
Capital One Financial,2014-04-25 04:51:53.000
Capital One Financial,2014-04-25 05:01:23.000
Capital One Financial,2014-05-25 12:21:31.000
Capital One Financial,2014-05-25 12:27:24.000
Capital One Financial,2014-06-23 15:51:01.000
Capital One Financial,2014-07-23 04:11:50.000
Capital One Financial,2014-07-23 04:17:48.000
Capital One Financial,2014-08-21 15:16:31.000
Capital One Financial,2014-08-21 15:25:50.000
Capital One Financial,2014-09-19 22:13:17.000
Capital One Financial,2014-09-19 22:21:37.000
Capital One Financial,2014-10-18 20:00:57.000
Capital One Financial,2014-11-16 00:49:25.000
CarMax,2016-03-08 09:52:37.000
CarMax,2016-04-06 09:28:18.000
CarMax,2016-05-05 14:25:40.000
CarMax,2016-05-05 14:33:43.000
CarMax,2016-06-03 18:18:40.000
CarMax,2016-06-03 18:25:08.000
CarMax,2016-07-02 18:43:50.000
CarMax,2016-07-31 21:11:50.000
CarMax,2016-07-31 21:32:06.000
CarMax,2016-08-30 16:34:19.000
CarMax,2016-08-30 16:36:02.000
CarMax,2016-09-28 04:17:10.000
CarMax,2016-09-28 04:17:33.000
CarMax,2016-10-28 14:43:49.000
CarMax,2016-11-26 09:25:21.000
CarMax,2016-12-26 15:21:22.000
CarMax,2016-12-26 15:25:30.000
Cardinal Health,2016-11-12 11:33:43.000
Cardinal Health,2016-11-12 11:54:43.000
Cardinal Health,2016-12-11 05:51:52.000
Cardinal Health,2016-12-11 05:52:11.000
Caterpillar,2016-04-07 02:48:14.000
Caterpillar,2016-04-07 03:11:25.000
Caterpillar,2016-05-07 06:47:13.000
Caterpillar,2016-06-06 16:36:27.000
Caterpillar,2016-06-06 16:47:20.000
Caterpillar,2016-07-05 11:17:54.000
Caterpillar,2016-07-05 11:21:40.000
Caterpillar,2016-08-03 19:58:22.000
Caterpillar,2016-08-03 20:04:53.000
Caterpillar,2016-09-02 10:52:25.000
Caterpillar,2016-09-02 11:08:09.000
Caterpillar,2016-10-02 21:08:10.000
Caterpillar,2016-11-01 09:30:49.000
Caterpillar,2016-11-01 09:58:39.000
Caterpillar,2016-12-01 19:09:16.000
Caterpillar,2016-12-31 18:50:52.000
Celgene,2015-10-08 10:43:15.000
Celgene,2015-11-06 11:13:40.000
Celgene,2015-11-06 11:13:57.000
Celgene,2015-12-06 11:23:38.000
Celgene,2015-12-06 11:24:02.000
Celgene,2016-01-04 19:28:27.000
Celgene,2016-01-04 19:34:35.000
Celgene,2016-02-02 04:18:12.000
Celgene,2016-02-02 04:41:08.000
Celgene,2016-03-03 23:35:48.000
Celgene,2016-04-02 16:11:27.000
Celgene,2016-05-02 21:08:35.000
Celgene,2016-06-01 14:43:19.000
Celgene,2016-06-01 14:46:36.000
Celgene,2016-07-01 15:02:15.000
Celgene,2016-07-01 15:11:06.000
Celgene,2016-07-31 10:22:09.000
Celgene,2016-08-30 01:51:57.000
Celgene,2016-08-30 02:05:08.000
Celgene,2016-09-29 06:27:07.000
Celgene,2016-10-29 09:42:10.000
Celgene,2016-10-29 09:43:00.000
Celgene,2016-11-27 17:12:15.000
Celgene,2016-11-27 17:19:39.000
Celgene,2016-12-26 14:51:03.000
Centene,2013-12-30 03:52:30.000
Centene,2013-12-30 04:00:40.000
Centene,2014-01-29 15:32:22.000
Centene,2014-01-29 15:45:11.000
Centene,2014-02-27 23:42:24.000
Centene,2014-03-29 02:04:17.000
Centene,2014-03-29 02:04:29.000
Centene,2014-04-28 06:51:26.000
Centene,2014-04-28 07:01:46.000
Centene,2014-05-28 10:37:38.000
Centene,2014-06-26 22:33:27.000
Centene,2014-07-26 07:06:42.000
Centene,2014-08-25 08:18:44.000
Centene,2014-08-25 08:29:08.000
Centene,2014-09-24 21:35:30.000
Centene,2014-09-24 21:37:51.000
Centene,2014-10-23 14:36:32.000
Centene,2014-11-22 00:39:37.000
Centene,2014-11-22 00:46:25.000
Centene,2014-12-21 12:17:30.000
Centene,2014-12-21 12:34:39.000
Centene,2015-01-20 22:05:10.000
Centene,2015-02-19 22:54:53.000
Centene,2015-03-21 14:24:13.000
Centene,2015-03-21 14:37:12.000
Centene,2015-04-19 01:05:05.000
Centene,2015-04-19 01:07:21.000
Centene,2015-05-18 14:58:49.000
Centene,2015-05-18 15:12:16.000
Centene,2015-06-16 19:12:54.000
Centene,2015-06-16 19:29:12.000
Centene,2015-07-15 15:48:30.000
Centene,2015-08-14 07:25:48.000
Centene,2015-08-14 07:50:20.000
Centene,2015-09-13 22:24:35.000
Centene,2015-09-13 22:33:54.000
Centene,2015-10-13 08:05:27.000
Centene,2015-11-11 02:40:11.000
Centene,2015-12-11 13:32:26.000
Centene,2015-12-11 13:59:13.000
Centene,2016-01-10 12:19:11.000
Centene,2016-02-09 20:17:05.000
Centene,2016-03-10 21:46:33.000
Centene,2016-03-10 22:06:35.000
Centene,2016-04-09 15:21:01.000
Centene,2016-04-09 15:25:27.000
Centene,2016-05-08 02:23:15.000
Centene,2016-05-08 02:33:47.000
Centene,2016-06-06 09:01:07.000
Centene,2016-07-05 05:59:26.000
Centene,2016-08-04 16:44:59.000
Centene,2016-08-04 16:58:13.000
Centene,2016-09-02 15:18:28.000
Centene,2016-09-02 15:31:04.000
Centene,2016-10-02 13:26:09.000
Centene,2016-10-02 13:28:49.000
Centene,2016-10-31 20:15:23.000
Centene,2016-11-29 01:16:36.000
Centene,2016-11-29 01:36:52.000
Centene,2016-12-29 04:52:32.000
Centene,2016-12-29 04:53:54.000
CenturyLink,2016-10-19 12:46:51.000
CenturyLink,2016-10-19 12:56:28.000
CenturyLink,2016-11-18 08:24:16.000
CenturyLink,2016-11-18 08:43:56.000
CenturyLink,2016-12-18 15:08:38.000
CenturyLink,2016-12-18 15:09:48.000
Charter Communications,2014-01-01 15:42:00.000
Charter Communications,2014-01-30 07:11:55.000
Charter Communications,2014-01-30 07:23:21.000
Charter Communications,2014-02-28 20:45:56.000
Charter Communications,2014-02-28 20:50:08.000
Charter Communications,2014-03-29 03:10:00.000
Charter Communications,2014-04-27 05:24:05.000
Charter Communications,2014-04-27 05:34:08.000
Charter Communications,2014-05-27 12:31:20.000
Charter Communications,2014-05-27 12:39:57.000
Charter Communications,2014-06-25 03:28:20.000
Charter Communications,2014-06-25 03:44:50.000
Charter Communications,2014-07-24 21:18:29.000
Charter Communications,2014-07-24 21:30:37.000
Charter Communications,2014-08-23 10:40:38.000
Charter Communications,2014-08-23 10:51:51.000
Charter Communications,2014-09-21 17:03:14.000
Charter Communications,2014-10-21 05:21:46.000
Charter Communications,2014-11-19 17:08:55.000
Charter Communications,2014-12-18 23:24:51.000
Charter Communications,2015-01-16 22:18:02.000
Charter Communications,2015-01-16 22:25:35.000
Charter Communications,2015-02-14 03:33:25.000
Charter Communications,2015-03-16 21:43:44.000
Charter Communications,2015-04-14 00:17:32.000
Charter Communications,2015-04-14 00:25:32.000
Charter Communications,2015-05-13 09:17:15.000
Charter Communications,2015-05-13 09:29:22.000
Charter Communications,2015-06-11 20:26:37.000
Charter Communications,2015-06-11 20:38:38.000
Charter Communications,2015-07-11 05:27:10.000
Charter Communications,2015-07-11 05:33:31.000
Charter Communications,2015-08-09 17:02:32.000
Charter Communications,2015-09-08 16:34:05.000
Charter Communications,2015-10-08 19:04:04.000
Charter Communications,2015-10-08 19:04:40.000
Charter Communications,2015-11-07 09:29:43.000
Charter Communications,2015-12-06 05:26:20.000
Charter Communications,2016-01-05 06:19:57.000
Charter Communications,2016-02-03 00:53:16.000
Charter Communications,2016-02-03 00:57:10.000
Charter Communications,2016-03-03 07:19:13.000
Charter Communications,2016-04-02 16:02:54.000
Charter Communications,2016-05-01 21:42:12.000
Charter Communications,2016-05-30 08:47:27.000
Charter Communications,2016-05-30 08:50:03.000
Charter Communications,2016-06-29 12:15:05.000
Charter Communications,2016-06-29 12:27:15.000
Charter Communications,2016-07-28 16:55:07.000
Charter Communications,2016-08-26 01:13:27.000
Charter Communications,2016-08-26 01:21:18.000
Charter Communications,2016-09-24 10:00:58.000
Charter Communications,2016-10-24 21:42:44.000
Charter Communications,2016-10-24 22:01:31.000
Charter Communications,2016-11-22 23:31:56.000
Charter Communications,2016-11-22 23:32:59.000
Charter Communications,2016-12-21 17:48:17.000
Charter Communications,2016-12-21 17:50:05.000
Chesapeake Energy,2014-05-22 03:17:20.000
Chesapeake Energy,2014-06-20 11:28:57.000
Chesapeake Energy,2014-06-20 11:36:36.000
Chesapeake Energy,2014-07-19 04:25:36.000
Chesapeake Energy,2014-07-19 04:28:43.000
Chesapeake Energy,2014-08-18 16:38:48.000
Chesapeake Energy,2014-09-17 09:53:03.000
Chesapeake Energy,2014-09-17 10:13:12.000
Chesapeake Energy,2014-10-16 14:09:19.000
Chesapeake Energy,2014-10-16 14:15:50.000
Chevron,2016-05-13 06:46:07.000
Chevron,2016-05-13 06:54:10.000
Chevron,2016-06-12 12:29:45.000
Chevron,2016-07-12 00:07:49.000
Chevron,2016-07-12 00:17:14.000
Chevron,2016-08-10 23:47:41.000
Chevron,2016-08-10 23:55:16.000
Chevron,2016-09-09 16:53:12.000
Chevron,2016-09-09 17:07:16.000
Chevron,2016-10-09 15:13:25.000
Chevron,2016-10-09 15:23:43.000
Chevron,2016-11-07 05:10:56.000
Chevron,2016-12-07 06:28:31.000
Cigna,2014-07-15 17:23:02.000
Cigna,2014-08-13 03:40:51.000
Cigna,2014-09-12 21:16:33.000
Cigna,2014-09-12 21:45:59.000
Cigna,2014-10-12 08:05:21.000
Cigna,2014-11-11 03:13:11.000
Cigna,2014-11-11 03:28:29.000
Cigna,2014-12-10 07:51:10.000
Cigna,2015-01-09 01:51:37.000
Cigna,2015-02-08 21:10:37.000
Cigna,2015-03-09 14:16:03.000
Cigna,2015-03-09 14:16:56.000
Cigna,2015-04-08 19:17:50.000
Cigna,2015-05-09 00:02:37.000
Cigna,2015-05-09 00:09:56.000
Cigna,2015-06-07 06:31:38.000
Cigna,2015-07-07 09:43:54.000
Cigna,2015-08-06 13:50:33.000
Cigna,2015-09-05 05:58:04.000
Cigna,2015-10-05 03:09:36.000
Cigna,2015-11-03 23:43:05.000
Cigna,2015-12-02 21:53:16.000
Cigna,2015-12-31 02:51:20.000
Cigna,2016-01-30 09:53:04.000
Cigna,2016-01-30 10:03:28.000
Cigna,2016-02-29 01:59:48.000
Cigna,2016-03-30 21:44:14.000
Cigna,2016-04-29 17:47:27.000
Cigna,2016-05-29 00:18:48.000
Cigna,2016-05-29 00:19:54.000
Cigna,2016-06-28 02:51:40.000
Cigna,2016-06-28 02:52:19.000
Cigna,2016-07-28 01:27:00.000
Cigna,2016-08-26 22:57:51.000
Cigna,2016-09-24 02:14:33.000
Cigna,2016-10-24 11:18:12.000
Cigna,2016-11-22 17:16:10.000
Cigna,2016-11-22 17:21:17.000
Cigna,2016-12-22 21:18:19.000
Cigna,2016-12-22 21:37:12.000
Cisco Systems,2013-12-10 14:36:56.000
Cisco Systems,2013-12-10 14:43:18.000
Cisco Systems,2014-01-08 06:40:24.000
Cisco Systems,2014-01-08 06:54:57.000
Cisco Systems,2014-02-07 06:48:46.000
Cisco Systems,2014-02-07 06:49:34.000
Cisco Systems,2014-03-09 11:16:57.000
Cisco Systems,2014-03-09 11:20:59.000
Cisco Systems,2014-04-07 15:55:34.000
Cisco Systems,2014-05-06 21:51:56.000
Cisco Systems,2014-05-06 22:06:51.000
Cisco Systems,2014-06-05 06:04:14.000
Cisco Systems,2014-06-05 06:21:56.000
Cisco Systems,2014-07-04 18:53:11.000
Cisco Systems,2014-07-04 18:59:29.000
Cisco Systems,2014-08-03 07:00:26.000
Cisco Systems,2014-08-03 07:10:30.000
Cisco Systems,2014-09-02 05:22:45.000
Cisco Systems,2014-09-02 05:31:28.000
Cisco Systems,2014-10-01 11:49:40.000
Cisco Systems,2014-10-31 09:25:57.000
Cisco Systems,2014-11-29 06:42:42.000
Cisco Systems,2014-12-28 06:00:12.000
Cisco Systems,2015-01-26 19:04:05.000
Cisco Systems,2015-02-24 15:33:13.000
Cisco Systems,2015-03-25 10:30:06.000
Cisco Systems,2015-04-23 20:54:06.000
Cisco Systems,2015-04-23 20:57:37.000
Cisco Systems,2015-05-22 23:46:14.000
Cisco Systems,2015-05-22 23:56:29.000
Cisco Systems,2015-06-21 02:35:03.000
Cisco Systems,2015-07-20 10:18:28.000
Cisco Systems,2015-07-20 10:32:16.000
Cisco Systems,2015-08-18 20:31:08.000
Cisco Systems,2015-08-18 20:44:51.000
Cisco Systems,2015-09-16 12:13:50.000
Cisco Systems,2015-10-16 18:55:01.000
Cisco Systems,2015-10-16 19:02:38.000
Cisco Systems,2015-11-14 23:20:42.000
Cisco Systems,2015-12-14 21:04:55.000
Cisco Systems,2016-01-13 08:23:57.000
Cisco Systems,2016-02-11 00:53:23.000
Cisco Systems,2016-02-11 01:08:04.000
Cisco Systems,2016-03-12 19:27:15.000
Cisco Systems,2016-03-12 19:30:14.000
Cisco Systems,2016-04-10 02:02:17.000
Cisco Systems,2016-04-10 02:07:23.000
Cisco Systems,2016-05-10 20:43:24.000
Cisco Systems,2016-05-10 20:45:57.000
Cisco Systems,2016-06-09 19:42:36.000
Cisco Systems,2016-06-09 19:47:00.000
Cisco Systems,2016-07-08 09:59:33.000
Cisco Systems,2016-07-08 10:16:27.000
Cisco Systems,2016-08-06 04:11:50.000
Cisco Systems,2016-09-05 09:49:55.000
Cisco Systems,2016-09-05 09:56:22.000
Cisco Systems,2016-10-04 13:30:36.000
Cisco Systems,2016-10-04 13:35:23.000
Cisco Systems,2016-11-03 11:33:38.000
Cisco Systems,2016-11-03 11:35:51.000
Cisco Systems,2016-12-03 07:03:16.000
Citigroup,2013-12-05 20:29:16.000
Citigroup,2013-12-05 20:33:56.000
Citigroup,2014-01-03 23:56:43.000
Citigroup,2014-02-02 03:43:39.000
Citigroup,2014-02-02 04:00:37.000
Citigroup,2014-03-03 07:53:36.000
Citigroup,2014-04-01 11:34:26.000
Citigroup,2014-04-01 11:34:44.000
Citigroup,2014-05-01 22:00:28.000
Citigroup,2014-05-01 22:04:57.000
Citigroup,2014-05-30 22:54:02.000
Citigroup,2014-05-30 22:58:17.000
Citigroup,2014-06-29 21:40:15.000
Citigroup,2014-06-29 22:02:10.000
Citigroup,2014-07-28 16:42:00.000
Citigroup,2014-08-26 21:48:16.000
Citigroup,2014-09-25 04:37:33.000
Citigroup,2014-09-25 04:48:55.000
Citigroup,2014-10-25 07:35:18.000
Citigroup,2014-10-25 07:46:07.000
Citigroup,2014-11-24 16:30:33.000
Citigroup,2014-11-24 16:34:20.000
Citigroup,2014-12-24 08:06:26.000
Citigroup,2014-12-24 08:09:12.000
Citigroup,2015-01-23 07:25:04.000
Citigroup,2015-01-23 07:36:27.000
Citigroup,2015-02-22 03:25:38.000
Citigroup,2015-03-24 15:55:32.000
Citigroup,2015-03-24 16:01:09.000
Citigroup,2015-04-23 16:21:49.000
Citigroup,2015-05-22 01:54:54.000
Citigroup,2015-05-22 01:57:26.000
Citigroup,2015-06-20 18:25:48.000
Citigroup,2015-07-20 00:50:25.000
Citigroup,2015-07-20 01:14:51.000
Citigroup,2015-08-19 13:27:11.000
Citigroup,2015-09-18 08:01:48.000
Citigroup,2015-10-18 00:55:25.000
Citigroup,2015-11-16 17:35:25.000
Citigroup,2015-12-16 16:35:05.000
Citigroup,2015-12-16 16:50:47.000
Citigroup,2016-01-15 07:20:05.000
Citigroup,2016-02-13 23:50:46.000
Citigroup,2016-02-13 23:55:39.000
Citigroup,2016-03-14 21:35:34.000
Citigroup,2016-03-14 21:45:25.000
Citigroup,2016-04-13 12:22:51.000
Citigroup,2016-05-13 09:25:25.000
Citigroup,2016-06-12 17:59:07.000
Citigroup,2016-07-12 19:42:31.000
Citigroup,2016-07-12 19:47:57.000
Citigroup,2016-08-11 03:59:58.000
Citigroup,2016-08-11 04:00:37.000
Citigroup,2016-09-10 14:48:30.000
Citigroup,2016-09-10 15:01:06.000
Citigroup,2016-10-09 21:10:52.000
Citigroup,2016-11-08 15:27:50.000
Citigroup,2016-12-08 10:14:58.000
Coca-Cola,2015-10-04 21:46:05.000
Coca-Cola,2015-10-04 21:49:08.000
Coca-Cola,2015-11-03 21:58:50.000
Coca-Cola,2015-12-02 02:38:23.000
Coca-Cola,2015-12-02 02:39:21.000
Coca-Cola,2015-12-31 20:44:28.000
Coca-Cola,2016-01-29 15:20:31.000
Coca-Cola,2016-02-28 20:15:30.000
Coca-Cola,2016-02-28 20:20:49.000
Coca-Cola,2016-03-28 21:18:06.000
Coca-Cola,2016-04-27 10:59:47.000
Coca-Cola,2016-04-27 11:11:19.000
Coca-Cola,2016-05-26 20:15:19.000
Coca-Cola,2016-05-26 20:19:17.000
Coca-Cola,2016-06-24 20:14:24.000
Coca-Cola,2016-06-24 20:34:40.000
Coca-Cola,2016-07-23 06:27:20.000
Coca-Cola,2016-08-21 18:58:51.000
Coca-Cola,2016-09-20 06:09:42.000
Coca-Cola,2016-09-20 06:16:55.000
Coca-Cola,2016-10-20 01:00:09.000
Coca-Cola,2016-11-19 17:10:25.000
Coca-Cola,2016-11-19 17:27:40.000
Coca-Cola,2016-12-18 09:35:53.000
Cognizant Technology Solutions,2016-04-17 18:30:06.000
Cognizant Technology Solutions,2016-05-16 02:17:16.000
Cognizant Technology Solutions,2016-05-16 02:17:57.000
Cognizant Technology Solutions,2016-06-14 14:38:42.000
Cognizant Technology Solutions,2016-06-14 14:59:09.000
Cognizant Technology Solutions,2016-07-13 22:48:38.000
Cognizant Technology Solutions,2016-08-11 05:46:55.000
Cognizant Technology Solutions,2016-09-10 22:28:52.000
Cognizant Technology Solutions,2016-09-10 22:48:58.000
Cognizant Technology Solutions,2016-10-10 22:54:46.000
Cognizant Technology Solutions,2016-10-10 22:54:55.000
Cognizant Technology Solutions,2016-11-09 18:09:43.000
Cognizant Technology Solutions,2016-11-09 18:16:04.000
Cognizant Technology Solutions,2016-12-09 20:43:20.000
Cognizant Technology Solutions,2016-12-09 20:50:45.000
Colgate-Palmolive,2013-12-08 00:54:42.000
Colgate-Palmolive,2014-01-07 12:23:52.000
Colgate-Palmolive,2014-02-05 02:52:56.000
Colgate-Palmolive,2014-02-05 03:06:02.000
Colgate-Palmolive,2014-03-06 01:25:41.000
Colgate-Palmolive,2014-04-05 02:00:10.000
Colgate-Palmolive,2014-04-05 02:07:11.000
Colgate-Palmolive,2014-05-05 13:31:48.000
Colgate-Palmolive,2014-06-04 13:56:27.000
Colgate-Palmolive,2014-07-04 09:12:49.000
Colgate-Palmolive,2014-07-04 09:29:37.000
Colgate-Palmolive,2014-08-03 20:41:36.000
Colgate-Palmolive,2014-08-03 20:48:41.000
Colgate-Palmolive,2014-09-01 18:16:59.000
Colgate-Palmolive,2014-09-01 18:29:13.000
Colgate-Palmolive,2014-09-30 09:45:05.000
Colgate-Palmolive,2014-09-30 09:55:18.000
Colgate-Palmolive,2014-10-29 12:58:35.000
Colgate-Palmolive,2014-11-27 00:56:29.000
Colgate-Palmolive,2014-12-27 19:59:51.000
Colgate-Palmolive,2015-01-25 19:34:29.000
Colgate-Palmolive,2015-01-25 19:41:39.000
Colgate-Palmolive,2015-02-23 17:23:17.000
Colgate-Palmolive,2015-03-24 05:38:18.000
Colgate-Palmolive,2015-03-24 05:49:43.000
Colgate-Palmolive,2015-04-22 07:18:59.000
Colgate-Palmolive,2015-04-22 07:35:54.000
Colgate-Palmolive,2015-05-22 02:46:52.000
Colgate-Palmolive,2015-05-22 02:57:15.000
Colgate-Palmolive,2015-06-21 15:32:36.000
Colgate-Palmolive,2015-06-21 15:39:37.000
Colgate-Palmolive,2015-07-20 10:18:54.000
Colgate-Palmolive,2015-07-20 10:22:50.000
Colgate-Palmolive,2015-08-18 16:16:45.000
Colgate-Palmolive,2015-08-18 16:17:15.000
Colgate-Palmolive,2015-09-17 06:07:25.000
Colgate-Palmolive,2015-09-17 06:08:20.000
Colgate-Palmolive,2015-10-17 06:29:57.000
Colgate-Palmolive,2015-11-15 13:18:55.000
Colgate-Palmolive,2015-11-15 13:18:55.000
Colgate-Palmolive,2015-12-14 12:47:03.000
Colgate-Palmolive,2016-01-13 23:10:58.000
Colgate-Palmolive,2016-01-13 23:23:11.000
Colgate-Palmolive,2016-02-12 05:25:26.000
Colgate-Palmolive,2016-02-12 05:45:13.000
Colgate-Palmolive,2016-03-12 17:29:00.000
Colgate-Palmolive,2016-03-12 17:32:36.000
Colgate-Palmolive,2016-04-10 12:27:22.000
Colgate-Palmolive,2016-05-09 12:27:21.000
Colgate-Palmolive,2016-06-08 06:47:52.000
Colgate-Palmolive,2016-06-08 06:51:17.000
Colgate-Palmolive,2016-07-08 22:16:11.000
Colgate-Palmolive,2016-08-07 11:10:38.000
Colgate-Palmolive,2016-09-05 15:24:26.000
Colgate-Palmolive,2016-10-05 23:31:51.000
Colgate-Palmolive,2016-10-05 23:35:47.000
Colgate-Palmolive,2016-11-03 13:09:10.000
Colgate-Palmolive,2016-11-03 13:11:50.000
Colgate-Palmolive,2016-12-02 22:48:22.000
Colgate-Palmolive,2016-12-31 21:28:32.000
Comcast,2016-09-01 02:41:45.000
Comcast,2016-09-30 13:36:50.000
Comcast,2016-09-30 13:46:19.000
Comcast,2016-10-29 22:34:21.000
Comcast,2016-10-29 23:01:56.000
Comcast,2016-11-27 15:56:04.000
Comcast,2016-11-27 15:58:15.000
Community Health Systems,2016-02-06 01:52:37.000
Community Health Systems,2016-02-06 02:05:38.000
Community Health Systems,2016-03-06 04:22:22.000
Community Health Systems,2016-03-06 04:28:55.000
Community Health Systems,2016-04-05 13:39:34.000
Community Health Systems,2016-05-04 00:18:15.000
Community Health Systems,2016-05-04 00:31:08.000
Community Health Systems,2016-06-03 13:26:02.000
Community Health Systems,2016-06-03 13:42:21.000
Community Health Systems,2016-07-03 03:17:23.000
Community Health Systems,2016-07-03 03:26:58.000
Computer Sciences,2015-08-05 02:11:25.000
Computer Sciences,2015-09-03 19:19:48.000
Computer Sciences,2015-09-03 19:21:40.000
Computer Sciences,2015-10-02 08:12:03.000
Computer Sciences,2015-11-01 18:22:40.000
Computer Sciences,2015-12-01 03:18:44.000
Computer Sciences,2015-12-01 03:20:20.000
Computer Sciences,2015-12-31 15:12:41.000
Computer Sciences,2016-01-30 04:13:15.000
Computer Sciences,2016-02-28 01:02:06.000
Computer Sciences,2016-03-29 05:25:35.000
Computer Sciences,2016-03-29 05:28:50.000
Computer Sciences,2016-04-28 12:58:53.000
Computer Sciences,2016-05-28 02:34:20.000
Computer Sciences,2016-06-26 07:09:03.000
Computer Sciences,2016-06-26 07:24:41.000
Computer Sciences,2016-07-25 04:08:40.000
Computer Sciences,2016-07-25 04:22:59.000
Computer Sciences,2016-08-23 09:48:58.000
Computer Sciences,2016-08-23 09:57:37.000
Computer Sciences,2016-09-21 12:31:07.000
Computer Sciences,2016-09-21 12:40:59.000
Computer Sciences,2016-10-20 19:49:21.000
Computer Sciences,2016-10-20 19:49:52.000
ConAgra Foods,2016-10-28 07:15:36.000
ConAgra Foods,2016-11-26 08:53:34.000
ConAgra Foods,2016-11-26 08:57:01.000
ConAgra Foods,2016-12-26 02:48:47.000
ConAgra Foods,2016-12-26 03:14:58.000
ConocoPhillips,2016-06-01 11:28:17.000
ConocoPhillips,2016-06-01 11:50:34.000
ConocoPhillips,2016-06-30 20:55:31.000
ConocoPhillips,2016-07-30 15:36:17.000
ConocoPhillips,2016-08-28 23:05:55.000
ConocoPhillips,2016-09-26 05:26:01.000
Consolidated Edison,2016-10-15 22:45:54.000
Consolidated Edison,2016-10-15 22:48:07.000
Core-Mark Holding,2013-12-21 16:09:46.000
Core-Mark Holding,2014-01-20 08:08:04.000
Core-Mark Holding,2014-01-20 08:11:32.000
Core-Mark Holding,2014-02-19 01:12:36.000
Core-Mark Holding,2014-03-21 06:08:47.000
Core-Mark Holding,2014-03-21 06:25:17.000
Core-Mark Holding,2014-04-20 13:31:11.000
Core-Mark Holding,2014-05-19 23:58:58.000
Core-Mark Holding,2014-06-17 14:02:42.000
Core-Mark Holding,2014-06-17 14:09:01.000
Core-Mark Holding,2014-07-17 07:17:46.000
Core-Mark Holding,2014-07-17 07:18:31.000
Core-Mark Holding,2014-08-16 06:14:44.000
Core-Mark Holding,2014-09-14 13:48:51.000
Core-Mark Holding,2014-10-14 14:33:50.000
Core-Mark Holding,2014-11-12 20:54:06.000
Core-Mark Holding,2014-11-12 21:15:33.000
Core-Mark Holding,2014-12-11 22:23:20.000
Core-Mark Holding,2014-12-11 22:27:22.000
Core-Mark Holding,2015-01-10 21:28:12.000
Core-Mark Holding,2015-02-08 06:08:29.000
Core-Mark Holding,2015-03-10 18:54:27.000
Core-Mark Holding,2015-04-09 20:15:24.000
Core-Mark Holding,2015-05-08 15:12:53.000
Core-Mark Holding,2015-06-07 13:53:52.000
Core-Mark Holding,2015-06-07 13:57:53.000
Core-Mark Holding,2015-07-07 18:27:05.000
Core-Mark Holding,2015-07-07 18:46:11.000
Core-Mark Holding,2015-08-05 00:51:13.000
Core-Mark Holding,2015-09-03 18:48:09.000
Core-Mark Holding,2015-10-03 07:23:55.000
Core-Mark Holding,2015-10-03 07:24:28.000
Core-Mark Holding,2015-11-01 03:58:38.000
Core-Mark Holding,2015-11-30 19:57:08.000
Core-Mark Holding,2015-12-30 07:39:25.000
Core-Mark Holding,2015-12-30 07:47:32.000
Core-Mark Holding,2016-01-28 15:24:05.000
Core-Mark Holding,2016-01-28 15:25:31.000
Core-Mark Holding,2016-02-26 11:44:03.000
Core-Mark Holding,2016-03-27 13:57:38.000
Core-Mark Holding,2016-04-26 12:24:37.000
Core-Mark Holding,2016-04-26 12:34:20.000
Core-Mark Holding,2016-05-26 17:56:04.000
Core-Mark Holding,2016-05-26 17:56:04.000
Core-Mark Holding,2016-06-24 13:21:14.000
Core-Mark Holding,2016-06-24 13:32:55.000
Core-Mark Holding,2016-07-23 16:39:45.000
Core-Mark Holding,2016-08-22 21:43:22.000
Core-Mark Holding,2016-08-22 22:05:25.000
Core-Mark Holding,2016-09-21 04:29:27.000
Core-Mark Holding,2016-10-20 09:58:08.000
Core-Mark Holding,2016-10-20 10:11:02.000
Core-Mark Holding,2016-11-19 09:36:31.000
Core-Mark Holding,2016-11-19 09:36:36.000
Core-Mark Holding,2016-12-19 07:34:51.000
Core-Mark Holding,2016-12-19 07:38:07.000
Corning,2016-10-22 09:45:40.000
Corning,2016-10-22 09:58:45.000
Corning,2016-11-20 13:38:30.000
Corning,2016-11-20 13:47:32.000
Corning,2016-12-20 10:19:39.000
Costco,2016-09-24 03:35:17.000
Costco,2016-10-23 20:29:12.000
Costco,2016-11-22 20:51:49.000
Costco,2016-11-22 20:56:22.000
Costco,2016-12-21 15:52:58.000
Costco,2016-12-21 16:12:32.000
Crown Holdings,2016-04-25 05:37:34.000
Crown Holdings,2016-04-25 05:46:57.000
Crown Holdings,2016-05-25 11:27:46.000
Crown Holdings,2016-05-25 11:44:40.000
Crown Holdings,2016-06-23 17:02:52.000
Crown Holdings,2016-06-23 17:17:06.000
Crown Holdings,2016-07-23 23:38:32.000
Crown Holdings,2016-07-23 23:53:10.000
Crown Holdings,2016-08-21 10:00:36.000
Crown Holdings,2016-09-20 13:01:18.000
Crown Holdings,2016-09-20 13:23:33.000
Crown Holdings,2016-10-20 03:13:45.000
Crown Holdings,2016-11-18 12:57:15.000
Crown Holdings,2016-11-18 13:17:38.000
Cummins,2016-07-17 15:13:32.000
Cummins,2016-07-17 15:21:11.000
Cummins,2016-08-16 22:56:47.000
Cummins,2016-08-16 23:03:33.000
Cummins,2016-09-14 19:46:25.000
Cummins,2016-09-14 19:52:51.000
Cummins,2016-10-14 15:39:44.000
Cummins,2016-10-14 15:44:18.000
Cummins,2016-11-13 22:25:20.000
Cummins,2016-12-12 23:24:33.000
D.R. Horton,2015-12-03 19:14:22.000
D.R. Horton,2015-12-03 19:34:00.000
D.R. Horton,2016-01-01 00:30:59.000
D.R. Horton,2016-01-01 00:43:15.000
D.R. Horton,2016-01-30 03:16:12.000
D.R. Horton,2016-01-30 03:19:47.000
D.R. Horton,2016-02-28 20:44:22.000
D.R. Horton,2016-02-28 20:58:01.000
D.R. Horton,2016-03-28 09:53:15.000
D.R. Horton,2016-03-28 10:03:59.000
D.R. Horton,2016-04-27 20:20:31.000
D.R. Horton,2016-04-27 20:24:18.000
D.R. Horton,2016-05-27 01:25:10.000
D.R. Horton,2016-06-26 05:25:39.000
D.R. Horton,2016-06-26 05:34:02.000
D.R. Horton,2016-07-26 17:40:29.000
D.R. Horton,2016-07-26 18:03:29.000
D.R. Horton,2016-08-25 03:23:34.000
D.R. Horton,2016-09-24 02:53:32.000
D.R. Horton,2016-09-24 03:05:16.000
D.R. Horton,2016-10-24 23:05:33.000
D.R. Horton,2016-11-23 06:17:19.000
D.R. Horton,2016-11-23 06:25:26.000
D.R. Horton,2016-12-23 13:47:05.000
D.R. Horton,2016-12-23 13:49:40.000
DISH Network,2013-12-04 04:22:44.000
DISH Network,2013-12-04 04:45:54.000
DISH Network,2014-01-02 10:00:14.000
DISH Network,2014-02-01 20:15:10.000
DISH Network,2014-03-03 08:41:56.000
DISH Network,2014-03-03 09:02:43.000
DISH Network,2014-04-01 07:45:24.000
DISH Network,2014-04-30 01:06:23.000
DISH Network,2014-05-30 19:47:20.000
DISH Network,2014-05-30 19:50:53.000
DISH Network,2014-06-29 19:35:30.000
DISH Network,2014-06-29 19:38:46.000
DISH Network,2014-07-28 10:30:39.000
DISH Network,2014-08-27 23:08:13.000
DISH Network,2014-09-25 09:03:05.000
DISH Network,2014-09-25 09:13:59.000
DISH Network,2014-10-24 12:00:32.000
DISH Network,2014-10-24 12:06:22.000
DISH Network,2014-11-23 12:53:28.000
DISH Network,2014-12-22 23:15:33.000
DISH Network,2014-12-22 23:19:11.000
DISH Network,2015-01-20 14:55:35.000
DISH Network,2015-02-19 02:44:02.000
DISH Network,2015-03-21 07:42:21.000
DISH Network,2015-04-19 12:21:49.000
DISH Network,2015-04-19 12:22:15.000
DISH Network,2015-05-18 23:40:52.000
DISH Network,2015-06-16 21:10:52.000
DISH Network,2015-07-16 04:05:22.000
DISH Network,2015-07-16 04:05:30.000
DISH Network,2015-08-14 16:46:30.000
DISH Network,2015-08-14 16:49:16.000
DISH Network,2015-09-12 05:22:09.000
DISH Network,2015-09-12 05:38:58.000
DISH Network,2015-10-12 04:23:56.000
DISH Network,2015-10-12 04:39:58.000
DISH Network,2015-11-10 16:24:21.000
DISH Network,2015-12-10 01:21:00.000
DISH Network,2015-12-10 01:37:56.000
DISH Network,2016-01-08 11:47:34.000
DISH Network,2016-02-06 14:27:39.000
DISH Network,2016-03-07 22:35:11.000
DISH Network,2016-03-07 22:42:26.000
DISH Network,2016-04-06 23:12:46.000
DISH Network,2016-04-06 23:21:59.000
DISH Network,2016-05-06 14:20:02.000
DISH Network,2016-05-06 14:24:08.000
DISH Network,2016-06-04 23:21:04.000
DISH Network,2016-06-04 23:40:02.000
DISH Network,2016-07-03 22:08:22.000
DISH Network,2016-07-03 22:17:00.000
DISH Network,2016-08-02 16:38:25.000
DISH Network,2016-08-31 08:54:56.000
DISH Network,2016-08-31 08:57:51.000
DISH Network,2016-09-29 04:30:37.000
DISH Network,2016-09-29 04:51:11.000
DISH Network,2016-10-28 21:45:41.000
DISH Network,2016-11-26 14:29:02.000
DISH Network,2016-11-26 14:36:05.000
DISH Network,2016-12-26 04:21:38.000
DTE Energy,2016-09-13 17:45:33.000
DTE Energy,2016-09-13 17:47:23.000
DTE Energy,2016-10-12 01:27:12.000
DTE Energy,2016-11-11 08:24:46.000
DTE Energy,2016-12-11 22:39:09.000
DaVita HealthCare Partners,2016-03-01 00:54:53.000
DaVita HealthCare Partners,2016-03-31 21:33:48.000
DaVita HealthCare Partners,2016-04-30 07:02:43.000
DaVita HealthCare Partners,2016-04-30 07:10:10.000
DaVita HealthCare Partners,2016-05-29 22:58:45.000
DaVita HealthCare Partners,2016-05-29 23:15:14.000
DaVita HealthCare Partners,2016-06-28 00:36:37.000
DaVita HealthCare Partners,2016-06-28 00:38:52.000
DaVita HealthCare Partners,2016-07-28 07:44:28.000
DaVita HealthCare Partners,2016-07-28 07:52:03.000
DaVita HealthCare Partners,2016-08-26 23:32:03.000
DaVita HealthCare Partners,2016-08-26 23:50:00.000
DaVita HealthCare Partners,2016-09-24 20:43:59.000
DaVita HealthCare Partners,2016-09-24 20:50:31.000
DaVita HealthCare Partners,2016-10-23 16:02:24.000
DaVita HealthCare Partners,2016-11-21 22:32:23.000
DaVita HealthCare Partners,2016-11-21 22:33:07.000
DaVita HealthCare Partners,2016-12-21 05:18:14.000
Danaher,2016-12-21 03:00:21.000
Danaher,2016-12-21 03:15:16.000
Dean Foods,2016-09-30 18:10:18.000
Dean Foods,2016-09-30 18:23:04.000
Dean Foods,2016-10-30 09:46:38.000
Dean Foods,2016-10-30 09:56:39.000
Dean Foods,2016-11-29 01:40:19.000
Dean Foods,2016-11-29 01:49:43.000
Dean Foods,2016-12-29 15:04:42.000
Deere,2017-01-01 16:40:57.000
Delta Air Lines,2016-06-29 18:08:57.000
Devon Energy,2017-01-01 09:38:02.000
Devon Energy,2017-01-01 09:54:28.000
Discover Financial Services,2016-03-27 01:17:17.000
Discover Financial Services,2016-03-27 01:28:45.000
Discover Financial Services,2016-04-26 19:33:42.000
Discover Financial Services,2016-04-26 19:44:19.000
Discover Financial Services,2016-05-26 00:19:07.000
Discover Financial Services,2016-06-23 08:18:36.000
Discover Financial Services,2016-06-23 08:30:40.000
Discover Financial Services,2016-07-22 07:13:04.000
Discover Financial Services,2016-07-22 07:15:59.000
Discover Financial Services,2016-08-20 12:04:29.000
Discover Financial Services,2016-08-20 12:19:34.000
Discover Financial Services,2016-09-19 05:08:25.000
Discover Financial Services,2016-10-18 15:50:18.000
Discover Financial Services,2016-11-17 23:26:33.000
Discover Financial Services,2016-11-17 23:33:10.000
Discover Financial Services,2016-12-17 20:03:27.000
Disney,2013-12-31 00:18:22.000
Disney,2013-12-31 00:36:59.000
Disney,2014-01-29 02:15:11.000
Disney,2014-01-29 02:18:09.000
Disney,2014-02-27 13:53:06.000
Disney,2014-03-29 05:07:37.000
Disney,2014-03-29 05:19:29.000
Disney,2014-04-28 09:24:21.000
Disney,2014-05-28 22:02:32.000
Disney,2014-05-28 22:02:41.000
Disney,2014-06-27 18:10:52.000
Disney,2014-07-28 00:13:59.000
Disney,2014-07-28 00:17:58.000
Disney,2014-08-26 18:58:18.000
Disney,2014-09-24 22:35:43.000
Disney,2014-09-24 22:55:33.000
Disney,2014-10-24 16:39:03.000
Disney,2014-11-23 16:04:03.000
Disney,2014-12-22 03:15:47.000
Disney,2014-12-22 03:21:32.000
Disney,2015-01-21 07:35:19.000
Disney,2015-02-20 13:54:29.000
Disney,2015-02-20 13:58:24.000
Disney,2015-04-19 02:44:04.000
Disney,2015-05-18 03:40:28.000
Disney,2015-05-18 03:48:02.000
Disney,2015-06-16 11:29:47.000
Disney,2015-07-16 03:42:48.000
Disney,2015-07-16 03:57:10.000
Disney,2015-08-15 06:18:30.000
Disney,2015-08-15 06:27:31.000
Disney,2015-09-14 01:43:50.000
Disney,2015-10-13 15:35:47.000
Disney,2015-11-12 02:51:47.000
Disney,2015-11-12 02:57:05.000
Disney,2015-12-11 07:14:23.000
Disney,2015-12-11 07:30:54.000
Disney,2016-01-09 02:17:43.000
Disney,2016-01-09 02:18:56.000
Disney,2016-02-08 01:28:58.000
Disney,2016-02-08 01:51:05.000
Disney,2016-03-08 17:20:22.000
Disney,2016-03-08 17:38:07.000
Disney,2016-04-06 16:20:27.000
Disney,2016-05-06 02:34:48.000
Disney,2016-05-06 02:53:44.000
Disney,2016-06-05 17:06:55.000
Disney,2016-06-05 17:14:15.000
Disney,2016-07-05 10:22:07.000
Disney,2016-08-03 11:43:25.000
Disney,2016-09-02 17:18:06.000
Disney,2016-10-02 01:26:56.000
Disney,2016-11-01 00:11:37.000
Disney,2016-11-29 17:25:43.000
Disney,2016-11-29 17:32:24.000
Disney,2016-12-28 16:27:46.000
Disney,2016-12-28 16:32:37.000
Dollar General,2013-12-14 10:24:39.000
Dollar General,2013-12-14 10:37:07.000
Dollar General,2014-01-12 02:08:28.000
Dollar General,2014-01-12 02:24:20.000
Dollar General,2014-02-10 03:40:07.000
Dollar General,2014-03-12 10:53:53.000
Dollar General,2014-03-12 11:16:38.000
Dollar General,2014-04-11 04:40:49.000
Dollar General,2014-05-11 14:01:28.000
Dollar General,2014-06-09 21:28:04.000
Dollar General,2014-07-09 16:10:34.000
Dollar General,2014-08-08 09:21:24.000
Dollar General,2014-08-08 09:30:24.000
Dollar General,2014-09-07 22:42:16.000
Dollar General,2014-09-07 22:52:42.000
Dollar General,2014-10-06 22:10:34.000
Dollar General,2014-11-05 04:14:10.000
Dollar General,2014-12-04 18:48:38.000
Dollar General,2014-12-04 19:04:10.000
Dollar General,2015-01-02 15:07:15.000
Dollar Tree,2016-10-28 23:27:25.000
Dollar Tree,2016-11-27 19:58:24.000
Dollar Tree,2016-11-27 20:10:38.000
Dollar Tree,2016-12-26 18:38:47.000
Dominion Resources,2016-01-09 09:22:45.000
Dominion Resources,2016-01-09 09:31:00.000
Dominion Resources,2016-02-07 00:25:17.000
Dominion Resources,2016-02-07 00:27:17.000
Dominion Resources,2016-03-08 01:27:00.000
Dominion Resources,2016-03-08 01:32:53.000
Dominion Resources,2016-04-07 06:13:26.000
Dominion Resources,2016-05-06 04:26:14.000
Dominion Resources,2016-06-04 02:57:29.000
Dominion Resources,2016-06-04 02:58:26.000
Dominion Resources,2016-07-03 12:37:51.000
Dominion Resources,2016-08-01 11:56:17.000
Dominion Resources,2016-08-01 12:02:49.000
Dominion Resources,2016-08-31 06:42:23.000
Dominion Resources,2016-09-30 16:14:56.000
Dominion Resources,2016-09-30 16:22:36.000
Dominion Resources,2016-10-30 09:34:47.000
Dominion Resources,2016-11-28 20:52:27.000
Dominion Resources,2016-12-28 12:39:23.000
Dominion Resources,2016-12-28 12:55:38.000
Dow Chemical,2016-12-13 04:21:49.000
Dow Chemical,2016-12-13 04:28:36.000
DuPont,2015-10-17 16:59:08.000
DuPont,2015-10-17 17:00:23.000
DuPont,2015-11-15 15:58:05.000
DuPont,2015-11-15 16:24:12.000
DuPont,2015-12-15 00:00:20.000
DuPont,2015-12-15 00:07:38.000
DuPont,2016-01-12 15:49:13.000
DuPont,2016-01-12 15:50:28.000
DuPont,2016-02-10 07:01:24.000
DuPont,2016-03-11 06:41:33.000
DuPont,2016-04-09 19:37:44.000
DuPont,2016-04-09 19:52:55.000
DuPont,2016-05-08 11:45:15.000
Duke Energy,2015-07-31 19:15:53.000
Duke Energy,2015-07-31 19:18:17.000
Duke Energy,2015-08-30 01:13:22.000
Duke Energy,2015-09-29 10:41:08.000
Duke Energy,2015-10-28 11:39:25.000
Duke Energy,2015-10-28 11:49:38.000
Duke Energy,2015-11-27 04:11:52.000
Duke Energy,2015-11-27 04:17:04.000
Duke Energy,2015-12-26 18:46:56.000
Duke Energy,2015-12-26 18:47:22.000
Duke Energy,2016-01-24 02:26:25.000
Duke Energy,2016-01-24 02:37:26.000
Duke Energy,2016-02-22 08:49:16.000
Duke Energy,2016-02-22 09:02:46.000
Duke Energy,2016-03-23 03:45:17.000
Duke Energy,2016-03-23 03:49:15.000
Duke Energy,2016-04-21 23:41:38.000
Duke Energy,2016-05-20 16:27:32.000
Duke Energy,2016-06-19 16:00:41.000
Duke Energy,2016-07-18 11:35:50.000
Duke Energy,2016-07-18 11:42:34.000
Duke Energy,2016-08-16 12:40:35.000
Duke Energy,2016-08-16 13:08:23.000
Duke Energy,2016-09-15 02:07:05.000
Duke Energy,2016-09-15 02:12:57.000
Duke Energy,2016-10-14 05:55:35.000
Duke Energy,2016-10-14 06:09:03.000
Duke Energy,2016-11-13 14:19:33.000
Duke Energy,2016-11-13 14:33:45.000
Duke Energy,2016-12-13 16:06:38.000
Duke Energy,2016-12-13 16:06:58.000
EMC,2016-07-22 08:36:14.000
EMC,2016-08-20 19:39:36.000
EMC,2016-08-20 19:41:01.000
EMC,2016-09-19 19:37:19.000
EMC,2016-09-19 19:55:10.000
EMC,2016-10-19 09:23:37.000
EMC,2016-11-17 20:44:30.000
EMC,2016-12-17 00:56:03.000
EMC,2016-12-17 00:59:28.000
EOG Resources,2013-12-12 09:48:16.000
EOG Resources,2013-12-12 09:54:34.000
EOG Resources,2014-01-11 09:33:59.000
EOG Resources,2014-01-11 09:42:04.000
EOG Resources,2014-02-09 09:00:48.000
EOG Resources,2014-02-09 09:20:41.000
EOG Resources,2014-03-10 16:42:55.000
EOG Resources,2014-04-09 16:09:01.000
EOG Resources,2014-04-09 16:13:42.000
EOG Resources,2014-05-09 11:56:39.000
EOG Resources,2014-05-09 12:14:09.000
EOG Resources,2014-06-07 09:56:54.000
EOG Resources,2014-06-07 10:00:16.000
EOG Resources,2014-07-06 16:02:24.000
EOG Resources,2014-07-06 16:03:10.000
EOG Resources,2014-08-04 15:05:32.000
EOG Resources,2014-09-02 21:01:45.000
EOG Resources,2014-09-02 21:12:46.000
EOG Resources,2014-10-01 13:03:09.000
EOG Resources,2014-10-01 13:19:41.000
EOG Resources,2014-10-31 15:56:55.000
EOG Resources,2014-10-31 16:01:53.000
EOG Resources,2014-11-29 17:06:08.000
EOG Resources,2014-11-29 17:13:32.000
EOG Resources,2014-12-29 22:37:31.000
EOG Resources,2014-12-29 22:41:19.000
EOG Resources,2015-01-28 08:28:01.000
EOG Resources,2015-01-28 08:32:45.000
EOG Resources,2015-02-27 20:25:06.000
EOG Resources,2015-02-27 20:32:43.000
EOG Resources,2015-03-30 00:05:30.000
EOG Resources,2015-03-30 00:19:45.000
EOG Resources,2015-04-28 00:18:31.000
EOG Resources,2015-05-28 05:36:52.000
EOG Resources,2015-05-28 06:00:52.000
EOG Resources,2015-06-27 21:34:16.000
EOG Resources,2015-06-27 21:42:40.000
EOG Resources,2015-07-26 14:08:34.000
EOG Resources,2015-07-26 14:23:13.000
EOG Resources,2015-08-25 23:20:37.000
EOG Resources,2015-08-25 23:28:00.000
EOG Resources,2015-09-24 14:37:56.000
EOG Resources,2015-09-24 14:55:42.000
EOG Resources,2015-10-24 01:59:58.000
EOG Resources,2015-11-22 12:26:56.000
EOG Resources,2015-11-22 12:28:04.000
EOG Resources,2015-12-21 08:34:05.000
EOG Resources,2015-12-21 09:02:30.000
EOG Resources,2016-01-19 13:11:06.000
EOG Resources,2016-02-18 05:41:02.000
EOG Resources,2016-02-18 05:52:25.000
EOG Resources,2016-03-19 22:49:47.000
EOG Resources,2016-04-17 13:46:55.000
EOG Resources,2016-05-17 23:17:21.000
EOG Resources,2016-05-17 23:20:10.000
EOG Resources,2016-06-15 04:04:47.000
EOG Resources,2016-06-15 04:19:35.000
EOG Resources,2016-07-14 08:17:30.000
EOG Resources,2016-07-14 08:31:19.000
EOG Resources,2016-08-13 08:28:07.000
EOG Resources,2016-08-13 08:40:44.000
EOG Resources,2016-09-12 03:25:59.000
Eastman Chemical,2016-10-22 10:20:17.000
Eastman Chemical,2016-11-20 05:52:10.000
Eastman Chemical,2016-11-20 05:58:19.000
Eastman Chemical,2016-12-19 14:16:09.000
Eastman Chemical,2016-12-19 14:24:22.000
Ecolab,2013-12-17 12:04:46.000
Ecolab,2014-01-15 05:21:50.000
Ecolab,2014-01-15 05:25:19.000
Ecolab,2014-02-13 06:30:55.000
Ecolab,2014-02-13 06:37:53.000
Ecolab,2014-03-15 21:11:26.000
Ecolab,2014-03-15 21:17:34.000
Ecolab,2014-04-13 05:34:07.000
Ecolab,2014-05-12 21:39:25.000
Ecolab,2014-06-10 17:52:22.000
Ecolab,2014-06-10 18:07:29.000
Ecolab,2014-07-10 18:47:24.000
Ecolab,2014-07-10 19:04:07.000
Ecolab,2014-08-08 12:46:22.000
Ecolab,2014-09-06 11:21:26.000
Ecolab,2014-10-06 22:19:53.000
Ecolab,2014-10-06 22:42:05.000
Ecolab,2014-11-04 15:46:12.000
Ecolab,2014-12-04 17:55:45.000
Ecolab,2015-01-03 07:43:53.000
Ecolab,2015-02-01 15:22:27.000
Ecolab,2015-02-01 15:30:39.000
Ecolab,2015-03-03 23:43:15.000
Ecolab,2015-03-03 23:45:15.000
Ecolab,2015-04-01 19:29:18.000
Ecolab,2015-05-01 15:06:08.000
Ecolab,2015-05-30 02:00:18.000
Ecolab,2015-05-30 02:05:32.000
Ecolab,2015-06-29 04:56:59.000
Ecolab,2015-07-29 13:56:01.000
Ecolab,2015-07-29 14:01:16.000
Ecolab,2015-08-27 12:35:13.000
Ecolab,2015-09-25 13:58:11.000
Ecolab,2015-10-25 08:13:33.000
Ecolab,2015-11-23 05:42:08.000
Ecolab,2015-12-22 09:56:09.000
Ecolab,2016-01-20 11:02:51.000
Ecolab,2016-02-18 08:13:21.000
Ecolab,2016-03-19 21:19:29.000
Ecolab,2016-04-18 05:42:13.000
Ecolab,2016-04-18 05:42:35.000
Ecolab,2016-05-18 09:48:21.000
Ecolab,2016-05-18 09:58:52.000
Ecolab,2016-06-16 15:04:26.000
Ecolab,2016-07-15 12:12:41.000
Ecolab,2016-07-15 12:16:22.000
Ecolab,2016-08-13 04:09:12.000
Ecolab,2016-08-13 04:13:12.000
Ecolab,2016-09-11 03:34:31.000
Ecolab,2016-09-11 03:43:06.000
Ecolab,2016-10-10 17:15:50.000
Ecolab,2016-11-09 17:57:13.000
Ecolab,2016-12-08 04:03:50.000
Edison International,2016-10-14 07:44:04.000
Edison International,2016-10-14 07:49:06.000
Edison International,2016-11-12 09:59:46.000
Edison International,2016-11-12 10:23:04.000
Edison International,2016-12-11 22:27:24.000
Eli Lilly,2016-07-31 05:15:31.000
Eli Lilly,2016-07-31 05:21:17.000
Emerson Electric,2015-03-14 20:57:52.000
Emerson Electric,2015-03-14 21:22:02.000
Emerson Electric,2015-04-12 16:31:08.000
Emerson Electric,2015-05-11 10:36:18.000
Emerson Electric,2015-06-09 08:27:12.000
Emerson Electric,2015-07-08 17:44:26.000
Emerson Electric,2015-07-08 18:06:36.000
Emerson Electric,2015-08-06 16:01:33.000
Emerson Electric,2015-08-06 16:17:29.000
Emerson Electric,2015-09-05 10:10:04.000
Emerson Electric,2015-09-05 10:10:46.000
Emerson Electric,2015-10-05 11:57:15.000
Emerson Electric,2015-10-05 11:58:41.000
Emerson Electric,2015-11-04 00:05:48.000
Emerson Electric,2015-11-04 00:22:07.000
Emerson Electric,2015-12-03 07:17:25.000
Emerson Electric,2015-12-03 07:31:20.000
Emerson Electric,2016-01-02 19:57:35.000
Emerson Electric,2016-01-02 20:01:04.000
Emerson Electric,2016-02-01 19:18:15.000
Emerson Electric,2016-03-01 13:56:27.000
Emerson Electric,2016-03-30 17:05:50.000
Emerson Electric,2016-04-29 03:11:30.000
Emerson Electric,2016-04-29 03:27:20.000
Emerson Electric,2016-05-28 17:13:53.000
Emerson Electric,2016-05-28 17:35:09.000
Emerson Electric,2016-06-27 06:52:46.000
Emerson Electric,2016-06-27 06:56:38.000
Emerson Electric,2016-08-25 06:15:11.000
Emerson Electric,2016-08-25 06:40:01.000
Emerson Electric,2016-09-24 23:52:40.000
Emerson Electric,2016-09-25 00:01:27.000
Emerson Electric,2016-10-23 14:38:05.000
Emerson Electric,2016-10-23 14:39:24.000
Emerson Electric,2016-11-21 01:57:08.000
Emerson Electric,2016-11-21 02:12:37.000
Emerson Electric,2016-12-21 22:24:59.000
Emerson Electric,2016-12-21 22:27:28.000
Energy Transfer Equity,2016-09-10 11:41:35.000
Energy Transfer Equity,2016-09-10 11:50:39.000
Energy Transfer Equity,2016-10-09 14:03:08.000
Energy Transfer Equity,2016-11-07 10:16:00.000
Energy Transfer Equity,2016-12-06 06:25:49.000
Energy Transfer Equity,2016-12-06 06:31:38.000
Entergy,2013-12-26 11:33:53.000
Entergy,2014-01-25 09:10:59.000
Entergy,2014-01-25 09:13:07.000
Entergy,2014-02-24 17:52:12.000
Entergy,2014-02-24 18:03:20.000
Entergy,2014-03-26 05:06:00.000
Entergy,2014-03-26 05:12:45.000
Entergy,2014-04-25 16:58:08.000
Entergy,2014-05-24 11:40:03.000
Entergy,2014-05-24 11:57:48.000
Entergy,2014-06-22 06:21:49.000
Entergy,2014-07-21 11:25:56.000
Entergy,2014-08-20 19:52:02.000
Entergy,2014-08-20 20:02:07.000
Entergy,2014-09-19 00:11:46.000
Entergy,2014-10-18 21:17:42.000
Entergy,2014-11-16 23:09:21.000
Entergy,2014-12-16 18:27:10.000
Entergy,2014-12-16 18:46:39.000
Entergy,2015-01-14 07:52:10.000
Entergy,2015-01-14 08:01:30.000
Entergy,2015-02-13 21:47:29.000
Entergy,2015-02-13 21:53:35.000
Entergy,2015-03-15 15:32:17.000
Entergy,2015-03-15 15:33:23.000
Entergy,2015-04-13 08:09:05.000
Entergy,2015-05-13 07:57:11.000
Entergy,2015-06-12 12:37:54.000
Entergy,2015-07-11 21:48:26.000
Entergy,2015-08-10 14:38:40.000
Entergy,2015-09-09 04:31:29.000
Entergy,2015-10-08 16:57:03.000
Entergy,2015-10-08 17:01:44.000
Entergy,2015-11-06 18:07:09.000
Entergy,2015-12-05 10:49:03.000
Entergy,2016-01-03 10:00:37.000
Entergy,2016-01-03 10:22:37.000
Entergy,2016-02-01 02:02:32.000
Entergy,2016-02-01 02:13:13.000
Entergy,2016-03-01 07:29:39.000
Entergy,2016-03-01 07:40:46.000
Entergy,2016-03-31 04:44:00.000
Entergy,2016-04-30 15:27:14.000
Entergy,2016-04-30 15:29:22.000
Entergy,2016-05-30 05:05:10.000
Entergy,2016-06-29 19:48:16.000
Entergy,2016-06-29 20:07:30.000
Entergy,2016-07-28 22:17:18.000
Entergy,2016-07-28 22:28:57.000
Entergy,2016-08-26 13:15:45.000
Entergy,2016-09-24 08:27:57.000
Entergy,2016-09-24 08:32:22.000
Entergy,2016-10-24 08:26:07.000
Entergy,2016-11-22 17:14:26.000
Entergy,2016-11-22 17:28:28.000
Entergy,2016-12-22 01:36:40.000
Entergy,2016-12-22 01:43:58.000
Enterprise Products Partners,2016-09-28 04:05:15.000
Enterprise Products Partners,2016-09-28 04:17:20.000
Enterprise Products Partners,2016-10-28 15:58:03.000
Enterprise Products Partners,2016-11-27 21:23:21.000
Enterprise Products Partners,2016-11-27 21:34:54.000
Enterprise Products Partners,2016-12-27 02:59:59.000
Enterprise Products Partners,2016-12-27 03:07:00.000
Estee Lauder,2016-08-21 04:03:47.000
Estee Lauder,2016-08-21 04:11:00.000
Estee Lauder,2016-09-19 03:40:23.000
Estee Lauder,2016-09-19 03:44:32.000
Estee Lauder,2016-10-18 22:13:56.000
Estee Lauder,2016-10-18 22:19:51.000
Estee Lauder,2016-11-17 03:46:58.000
Estee Lauder,2016-11-17 04:00:57.000
Estee Lauder,2016-12-16 17:18:59.000
Estee Lauder,2016-12-16 17:26:44.000
Eversource Energy,2016-08-25 02:42:49.000
Eversource Energy,2016-08-25 02:48:27.000
Eversource Energy,2016-09-24 18:27:07.000
Eversource Energy,2016-09-24 18:44:23.000
Eversource Energy,2016-10-23 14:21:05.000
Eversource Energy,2016-10-23 14:30:11.000
Eversource Energy,2016-11-22 19:13:33.000
Eversource Energy,2016-11-22 19:22:44.000
Eversource Energy,2016-12-21 09:13:38.000
Eversource Energy,2016-12-21 09:27:01.000
Exelon,2015-08-27 16:31:50.000
Exelon,2015-09-26 15:29:07.000
Exelon,2015-09-26 15:43:34.000
Exelon,2015-10-25 07:24:53.000
Exelon,2015-10-25 07:29:17.000
Exelon,2015-11-23 01:16:03.000
Exelon,2015-12-23 15:23:49.000
Exelon,2015-12-23 15:35:54.000
Exelon,2016-01-22 04:31:49.000
Exelon,2016-03-20 02:32:03.000
Exelon,2016-03-20 02:45:46.000
Exelon,2016-04-19 08:49:39.000
Exelon,2016-05-18 22:19:04.000
Exelon,2016-06-17 18:45:04.000
Exelon,2016-07-16 12:59:46.000
Exelon,2016-08-14 16:42:16.000
Exelon,2016-09-12 10:30:51.000
Exelon,2016-09-12 10:32:00.000
Exelon,2016-10-12 09:55:42.000
Exelon,2016-11-11 22:44:50.000
Exelon,2016-11-11 22:46:33.000
Exelon,2016-12-10 10:30:09.000
Exelon,2016-12-10 10:38:20.000
Express Scripts Holding,2016-11-22 07:58:07.000
Express Scripts Holding,2016-11-22 08:08:54.000
Express Scripts Holding,2016-12-21 23:35:08.000
Express Scripts Holding,2016-12-21 23:39:04.000
Exxon Mobil,2016-12-21 10:59:34.000
Facebook,2016-11-23 22:51:02.000
Facebook,2016-11-23 22:55:07.000
Facebook,2016-12-23 11:44:49.000
Facebook,2016-12-23 11:44:59.000
Fannie Mae,2016-12-30 04:54:06.000
Fannie Mae,2016-12-30 05:02:46.000
Farmers Insurance Exchange,2014-09-18 11:29:23.000
Farmers Insurance Exchange,2014-09-18 11:35:06.000
Farmers Insurance Exchange,2014-10-18 04:28:54.000
Farmers Insurance Exchange,2014-11-17 19:22:39.000
Farmers Insurance Exchange,2014-12-17 10:54:29.000
Farmers Insurance Exchange,2014-12-17 10:55:10.000
Farmers Insurance Exchange,2015-01-16 21:41:36.000
Farmers Insurance Exchange,2015-01-16 21:44:52.000
Farmers Insurance Exchange,2015-02-15 15:02:03.000
Farmers Insurance Exchange,2015-02-15 15:12:23.000
Farmers Insurance Exchange,2015-03-17 11:08:54.000
Farmers Insurance Exchange,2015-03-17 11:16:13.000
Farmers Insurance Exchange,2015-04-16 13:22:49.000
Farmers Insurance Exchange,2015-05-15 20:29:08.000
Farmers Insurance Exchange,2015-05-15 20:43:20.000
Farmers Insurance Exchange,2015-06-13 07:28:25.000
Farmers Insurance Exchange,2015-07-13 23:50:59.000
Farmers Insurance Exchange,2015-08-11 09:33:19.000
Farmers Insurance Exchange,2015-08-11 09:37:29.000
Farmers Insurance Exchange,2015-09-10 05:26:51.000
Farmers Insurance Exchange,2015-09-10 05:46:08.000
Farmers Insurance Exchange,2015-10-09 22:00:54.000
Farmers Insurance Exchange,2015-11-07 20:04:40.000
Farmers Insurance Exchange,2015-11-07 20:23:28.000
Farmers Insurance Exchange,2015-12-07 05:13:48.000
Farmers Insurance Exchange,2016-01-05 08:34:37.000
Farmers Insurance Exchange,2016-01-05 08:40:54.000
Farmers Insurance Exchange,2016-02-03 22:55:48.000
Farmers Insurance Exchange,2016-02-03 23:04:15.000
Farmers Insurance Exchange,2016-03-03 22:55:03.000
Farmers Insurance Exchange,2016-03-03 23:11:11.000
Farmers Insurance Exchange,2016-04-01 17:48:14.000
Farmers Insurance Exchange,2016-04-30 06:00:52.000
Farmers Insurance Exchange,2016-04-30 06:04:59.000
Farmers Insurance Exchange,2016-05-29 05:35:51.000
Farmers Insurance Exchange,2016-06-28 22:30:08.000
Farmers Insurance Exchange,2016-07-28 14:32:27.000
Farmers Insurance Exchange,2016-07-28 14:32:45.000
Farmers Insurance Exchange,2016-08-27 02:48:24.000
Farmers Insurance Exchange,2016-09-25 17:01:48.000
Farmers Insurance Exchange,2016-09-25 17:19:00.000
Farmers Insurance Exchange,2016-10-25 12:28:28.000
Farmers Insurance Exchange,2016-10-25 12:33:44.000
Farmers Insurance Exchange,2016-11-24 09:32:03.000
Farmers Insurance Exchange,2016-11-24 09:41:55.000
Farmers Insurance Exchange,2016-12-23 18:50:10.000
FedEx,2014-01-01 10:56:08.000
FedEx,2014-01-01 11:13:13.000
FedEx,2014-01-31 16:40:38.000
FedEx,2014-01-31 17:01:49.000
FedEx,2014-03-02 21:21:42.000
FedEx,2014-03-02 21:24:14.000
FedEx,2014-03-31 18:27:53.000
FedEx,2014-04-29 02:26:36.000
FedEx,2014-05-29 11:25:17.000
FedEx,2014-05-29 11:28:39.000
FedEx,2014-06-28 11:13:46.000
FedEx,2014-07-27 11:59:22.000
FedEx,2014-07-27 12:03:49.000
FedEx,2014-08-26 06:00:40.000
FedEx,2014-09-24 14:17:42.000
FedEx,2014-10-24 07:16:30.000
FedEx,2014-11-22 12:58:16.000
FedEx,2014-11-22 13:06:20.000
FedEx,2014-12-22 16:04:20.000
FedEx,2015-01-20 11:24:13.000
FedEx,2015-01-20 11:29:13.000
FedEx,2015-02-18 02:32:06.000
FedEx,2015-02-18 02:38:47.000
FedEx,2015-03-20 05:30:17.000
FedEx,2015-03-20 05:33:30.000
FedEx,2015-04-19 16:32:12.000
FedEx,2015-05-19 23:56:37.000
FedEx,2015-05-20 00:16:50.000
FedEx,2015-06-18 02:57:25.000
FedEx,2015-07-18 23:52:52.000
FedEx,2015-08-17 15:27:44.000
FedEx,2015-09-15 22:36:29.000
FedEx,2015-10-14 18:03:28.000
FedEx,2015-11-13 08:24:50.000
FedEx,2015-12-13 21:29:49.000
FedEx,2016-01-12 16:02:49.000
FedEx,2016-02-11 08:59:49.000
FedEx,2016-02-11 09:15:19.000
FedEx,2016-03-12 04:38:09.000
FedEx,2016-03-12 04:40:00.000
FedEx,2016-04-10 01:03:20.000
FedEx,2016-04-10 01:21:32.000
FedEx,2016-05-10 22:28:17.000
FedEx,2016-05-10 22:41:53.000
FedEx,2016-06-09 23:59:50.000
FedEx,2016-07-08 13:48:10.000
FedEx,2016-07-08 13:49:43.000
FedEx,2016-08-06 23:40:09.000
FedEx,2016-08-06 23:40:42.000
FedEx,2016-09-04 04:43:49.000
FedEx,2016-09-04 05:02:06.000
FedEx,2016-10-03 15:38:26.000
FedEx,2016-10-03 15:44:10.000
FedEx,2016-11-01 22:09:52.000
FedEx,2016-11-01 22:15:29.000
FedEx,2016-12-01 07:20:12.000
FedEx,2016-12-31 03:50:49.000
Fidelity National Financial,2016-06-18 11:30:02.000
Fidelity National Financial,2016-07-17 14:50:43.000
Fidelity National Financial,2016-08-16 04:11:57.000
Fidelity National Financial,2016-09-15 09:40:57.000
Fidelity National Financial,2016-09-15 09:53:53.000
Fidelity National Financial,2016-10-15 06:44:08.000
Fidelity National Financial,2016-11-14 06:30:10.000
Fidelity National Financial,2016-12-13 07:02:48.000
First Data,2016-08-01 09:01:26.000
First Data,2016-08-30 06:12:10.000
First Data,2016-08-30 06:18:06.000
First Data,2016-09-28 16:39:46.000
First Data,2016-09-28 16:41:36.000
First Data,2016-10-27 01:31:26.000
First Data,2016-10-27 01:36:06.000
First Data,2016-11-26 03:05:33.000
First Data,2016-11-26 03:15:03.000
First Data,2016-12-25 23:27:16.000
First Data,2016-12-25 23:30:36.000
FirstEnergy,2013-12-14 21:40:29.000
FirstEnergy,2013-12-14 21:42:11.000
FirstEnergy,2014-01-12 03:36:26.000
FirstEnergy,2014-01-12 03:43:05.000
FirstEnergy,2014-02-10 16:03:21.000
FirstEnergy,2014-03-11 05:55:32.000
FirstEnergy,2014-03-11 06:07:55.000
FirstEnergy,2014-04-09 19:52:40.000
FirstEnergy,2014-04-09 19:58:10.000
FirstEnergy,2014-05-09 10:23:36.000
FirstEnergy,2014-05-09 10:39:32.000
FirstEnergy,2014-06-07 03:29:26.000
FirstEnergy,2014-06-07 03:34:18.000
FirstEnergy,2014-07-07 12:44:24.000
FirstEnergy,2014-07-07 12:45:14.000
FirstEnergy,2014-08-06 12:30:38.000
FirstEnergy,2014-08-06 12:30:49.000
FirstEnergy,2014-09-04 01:09:18.000
FirstEnergy,2014-10-04 22:29:19.000
FirstEnergy,2014-10-04 22:36:31.000
FirstEnergy,2014-11-03 17:15:25.000
FirstEnergy,2014-11-03 17:18:53.000
FirstEnergy,2014-12-03 02:23:56.000
FirstEnergy,2014-12-03 02:29:37.000
FirstEnergy,2015-01-01 05:33:43.000
FirstEnergy,2015-01-01 05:53:44.000
FirstEnergy,2015-01-31 11:53:40.000
FirstEnergy,2015-03-01 05:39:11.000
FirstEnergy,2015-03-30 21:05:58.000
FirstEnergy,2015-03-30 21:23:42.000
FirstEnergy,2015-04-29 22:32:37.000
FirstEnergy,2015-04-29 22:46:59.000
FirstEnergy,2015-05-28 04:08:37.000
FirstEnergy,2015-05-28 04:26:01.000
FirstEnergy,2015-06-26 23:23:33.000
FirstEnergy,2015-06-26 23:34:13.000
FirstEnergy,2015-07-25 13:33:19.000
FirstEnergy,2015-08-23 19:34:45.000
FirstEnergy,2015-08-23 19:37:09.000
FirstEnergy,2015-09-22 12:39:26.000
FirstEnergy,2015-10-21 18:47:23.000
FirstEnergy,2015-10-21 19:03:02.000
FirstEnergy,2015-11-20 12:12:26.000
FirstEnergy,2015-12-20 21:44:59.000
FirstEnergy,2015-12-20 22:00:52.000
FirstEnergy,2016-01-18 23:14:47.000
FirstEnergy,2016-01-18 23:16:06.000
FirstEnergy,2016-02-17 03:19:51.000
FirstEnergy,2016-03-17 18:33:31.000
FirstEnergy,2016-04-16 07:30:06.000
FirstEnergy,2016-05-16 16:06:44.000
FirstEnergy,2016-05-16 16:06:45.000
FirstEnergy,2016-06-14 08:51:16.000
FirstEnergy,2016-07-13 17:33:17.000
FirstEnergy,2016-08-11 19:47:00.000
FirstEnergy,2016-09-09 18:37:52.000
FirstEnergy,2016-09-09 18:57:02.000
FirstEnergy,2016-10-09 06:58:55.000
FirstEnergy,2016-10-09 07:04:56.000
FirstEnergy,2016-11-08 01:13:45.000
FirstEnergy,2016-12-08 15:51:05.000
Fluor,2013-12-21 17:13:55.000
Fluor,2013-12-21 17:14:11.000
Fluor,2014-01-19 17:34:09.000
Fluor,2014-02-18 10:34:12.000
Fluor,2014-02-18 10:48:23.000
Fluor,2014-03-20 22:21:46.000
Fluor,2014-04-19 09:15:27.000
Fluor,2014-04-19 09:23:13.000
Fluor,2014-05-18 08:52:14.000
Fluor,2014-06-17 04:55:24.000
Fluor,2014-07-17 11:08:46.000
Fluor,2014-08-16 21:12:38.000
Fluor,2014-09-15 04:04:38.000
Fluor,2014-09-15 04:11:24.000
Fluor,2014-10-15 02:20:58.000
Fluor,2014-10-15 02:39:04.000
Fluor,2014-11-13 17:45:31.000
Fluor,2014-11-13 18:03:19.000
Fluor,2014-12-13 00:18:50.000
Fluor,2014-12-13 00:23:19.000
Fluor,2015-01-11 16:27:06.000
Fluor,2015-01-11 16:40:59.000
Fluor,2015-02-10 18:53:47.000
Fluor,2015-02-10 19:08:47.000
Fluor,2015-03-11 05:28:37.000
Fluor,2015-03-11 05:33:28.000
Fluor,2015-04-10 21:29:17.000
Fluor,2015-05-10 08:47:53.000
Fluor,2015-05-10 08:51:49.000
Fluor,2015-06-08 05:56:56.000
Fluor,2015-06-08 06:17:47.000
Fluor,2015-07-07 05:48:17.000
Fluor,2015-07-07 06:07:16.000
Fluor,2015-08-06 04:55:37.000
Fluor,2015-08-06 04:58:31.000
Fluor,2015-09-04 09:20:22.000
Fluor,2015-09-04 09:25:24.000
Fluor,2015-10-03 15:11:53.000
Fluor,2015-10-03 15:30:06.000
Fluor,2015-11-02 14:45:28.000
Fluor,2015-11-02 14:59:48.000
Fluor,2015-12-01 18:59:55.000
Fluor,2015-12-30 17:17:03.000
Fluor,2015-12-30 17:30:33.000
Fluor,2016-01-29 03:30:39.000
Fluor,2016-01-29 03:45:14.000
Fluor,2016-02-27 00:49:09.000
Fluor,2016-02-27 00:51:10.000
Fluor,2016-03-27 20:30:28.000
Fluor,2016-03-27 20:40:28.000
Fluor,2016-04-25 16:30:01.000
Fluor,2016-04-25 16:59:04.000
Fluor,2016-05-24 03:09:35.000
Fluor,2016-06-23 16:41:31.000
Fluor,2016-06-23 16:53:36.000
Fluor,2016-07-23 03:57:39.000
Fluor,2016-07-23 04:12:33.000
Fluor,2016-08-22 11:07:51.000
Fluor,2016-08-22 11:28:06.000
Fluor,2016-09-21 02:40:17.000
Fluor,2016-10-21 11:36:17.000
Fluor,2016-10-21 11:42:56.000
Fluor,2016-11-20 13:22:33.000
Fluor,2016-12-19 21:58:08.000
Fluor,2016-12-19 21:58:16.000
Ford Motor,2015-02-12 22:57:54.000
Ford Motor,2015-03-13 09:43:27.000
Ford Motor,2015-03-13 09:48:32.000
Ford Motor,2015-04-12 04:38:22.000
Ford Motor,2015-04-12 04:39:51.000
Ford Motor,2015-05-12 23:05:42.000
Ford Motor,2015-05-12 23:20:46.000
Ford Motor,2015-06-11 13:43:57.000
Ford Motor,2015-07-11 23:17:32.000
Ford Motor,2015-07-11 23:23:23.000
Ford Motor,2015-08-09 18:29:20.000
Ford Motor,2015-08-09 18:33:16.000
Ford Motor,2015-09-07 15:35:21.000
Ford Motor,2015-09-07 15:39:04.000
Ford Motor,2015-10-07 06:30:40.000
Ford Motor,2015-11-06 04:19:20.000
Ford Motor,2015-11-06 04:20:24.000
Ford Motor,2015-12-05 21:51:34.000
Ford Motor,2015-12-05 21:52:15.000
Ford Motor,2016-01-03 23:21:47.000
Ford Motor,2016-01-03 23:36:11.000
Ford Motor,2016-02-01 20:00:37.000
Ford Motor,2016-02-01 20:02:42.000
Ford Motor,2016-03-02 05:52:51.000
Ford Motor,2016-03-02 06:07:31.000
Ford Motor,2016-04-30 07:46:13.000
Ford Motor,2016-05-30 04:02:38.000
Ford Motor,2016-06-28 06:18:20.000
Ford Motor,2016-06-28 06:23:50.000
Ford Motor,2016-07-28 22:24:52.000
Ford Motor,2016-07-28 22:48:55.000
Ford Motor,2016-08-26 16:47:57.000
Ford Motor,2016-08-26 16:50:34.000
Ford Motor,2016-09-24 09:47:30.000
Ford Motor,2016-10-24 21:46:10.000
Ford Motor,2016-11-23 04:38:57.000
Ford Motor,2016-12-23 13:19:56.000
Franklin Resources,2015-02-21 18:17:25.000
Franklin Resources,2015-03-23 12:58:46.000
Franklin Resources,2015-04-21 13:01:16.000
Franklin Resources,2015-05-20 19:22:19.000
Franklin Resources,2015-06-19 14:52:32.000
Franklin Resources,2015-07-19 21:52:01.000
Franklin Resources,2015-07-19 21:52:56.000
Franklin Resources,2015-08-17 18:54:15.000
Franklin Resources,2015-08-17 19:02:16.000
Franklin Resources,2015-09-16 16:15:53.000
Franklin Resources,2015-10-16 04:08:09.000
Franklin Resources,2015-10-16 04:18:52.000
Franklin Resources,2015-11-15 00:41:29.000
Franklin Resources,2015-11-15 00:55:04.000
Franklin Resources,2015-12-15 08:46:11.000
Franklin Resources,2015-12-15 08:50:55.000
Franklin Resources,2016-01-13 17:05:31.000
Franklin Resources,2016-01-13 17:21:20.000
Franklin Resources,2016-02-12 17:11:45.000
Franklin Resources,2016-02-12 17:14:47.000
Franklin Resources,2016-03-12 03:25:09.000
Franklin Resources,2016-04-10 07:02:32.000
Franklin Resources,2016-05-09 20:36:44.000
Franklin Resources,2016-06-08 20:44:42.000
Franklin Resources,2016-06-08 21:08:01.000
Franklin Resources,2016-07-07 05:19:35.000
Franklin Resources,2016-07-07 05:26:33.000
Franklin Resources,2016-08-05 04:22:15.000
Franklin Resources,2016-08-05 04:32:10.000
Franklin Resources,2016-09-03 08:34:33.000
Franklin Resources,2016-09-03 08:44:45.000
Franklin Resources,2016-10-02 22:08:21.000
Franklin Resources,2016-11-01 18:06:03.000
Franklin Resources,2016-11-01 18:11:53.000
Franklin Resources,2016-12-01 13:36:38.000
Franklin Resources,2016-12-01 14:04:17.000
Franklin Resources,2016-12-31 01:20:07.000
Freddie Mac,2014-01-01 13:11:47.000
Freddie Mac,2014-01-01 13:14:37.000
Freddie Mac,2014-01-30 12:40:13.000
Freddie Mac,2014-02-28 19:13:55.000
Freddie Mac,2014-02-28 19:24:53.000
Freddie Mac,2014-03-30 00:51:53.000
Freddie Mac,2014-03-30 01:05:40.000
Freddie Mac,2014-04-28 22:20:27.000
Freddie Mac,2014-04-28 22:47:53.000
Freddie Mac,2014-05-28 01:56:23.000
Freddie Mac,2014-05-28 01:57:01.000
Freddie Mac,2014-06-27 13:11:37.000
Freddie Mac,2014-06-27 13:25:46.000
Freddie Mac,2014-07-26 21:07:16.000
Freddie Mac,2014-08-25 15:48:09.000
Freddie Mac,2014-08-25 15:48:18.000
Freddie Mac,2014-09-24 06:04:09.000
Freddie Mac,2014-09-24 06:28:39.000
Freddie Mac,2014-10-24 07:02:13.000
Freddie Mac,2014-11-23 04:10:17.000
Freddie Mac,2014-11-23 04:10:30.000
Freddie Mac,2014-12-22 09:47:11.000
Freddie Mac,2014-12-22 09:48:36.000
Freddie Mac,2015-01-20 15:10:26.000
Freddie Mac,2015-02-19 10:08:45.000
Freddie Mac,2015-02-19 10:15:47.000
Freddie Mac,2015-03-20 17:09:04.000
Freddie Mac,2015-03-20 17:23:06.000
Freddie Mac,2015-04-19 21:20:38.000
Freddie Mac,2015-04-19 21:21:45.000
Freddie Mac,2015-05-19 03:47:20.000
Freddie Mac,2015-05-19 03:58:01.000
Freddie Mac,2015-06-17 13:03:36.000
Freddie Mac,2015-06-17 13:21:57.000
Freddie Mac,2015-07-17 13:54:46.000
Freddie Mac,2015-08-16 09:23:32.000
Freddie Mac,2015-09-15 18:15:54.000
Freddie Mac,2015-09-15 18:16:35.000
Freddie Mac,2015-10-14 00:52:44.000
Freddie Mac,2015-11-13 09:07:09.000
Freddie Mac,2015-12-12 01:27:11.000
Freddie Mac,2015-12-12 01:31:03.000
Freddie Mac,2016-01-10 22:28:16.000
Freddie Mac,2016-02-09 19:57:48.000
Freddie Mac,2016-03-10 05:08:15.000
Freddie Mac,2016-03-10 05:17:46.000
Freddie Mac,2016-04-08 23:03:19.000
Freddie Mac,2016-04-08 23:13:47.000
Freddie Mac,2016-05-07 16:46:14.000
Freddie Mac,2016-06-06 11:52:20.000
Freddie Mac,2016-06-06 11:57:28.000
Freddie Mac,2016-07-05 00:21:04.000
Freddie Mac,2016-08-03 19:22:51.000
Freddie Mac,2016-09-02 21:23:27.000
Freddie Mac,2016-09-02 21:33:55.000
Freddie Mac,2016-10-02 02:30:14.000
Freddie Mac,2016-10-02 02:40:34.000
Freddie Mac,2016-11-01 09:36:23.000
Freddie Mac,2016-11-01 09:37:03.000
Freddie Mac,2016-12-01 21:33:38.000
Freddie Mac,2016-12-01 21:43:28.000
Freddie Mac,2016-12-31 21:33:16.000
Freeport-McMoRan,2016-07-19 23:04:42.000
Freeport-McMoRan,2016-07-19 23:08:53.000
Freeport-McMoRan,2016-08-18 20:46:56.000
Freeport-McMoRan,2016-08-18 20:53:48.000
Freeport-McMoRan,2016-09-17 08:30:00.000
Freeport-McMoRan,2016-09-17 08:50:57.000
Freeport-McMoRan,2016-10-17 01:29:35.000
Freeport-McMoRan,2016-10-17 01:52:31.000
Freeport-McMoRan,2016-11-16 04:45:29.000
Freeport-McMoRan,2016-11-16 04:58:12.000
Freeport-McMoRan,2016-12-15 03:21:34.000
Freeport-McMoRan,2016-12-15 03:28:19.000
GameStop,2016-06-05 15:18:07.000
GameStop,2016-06-05 15:27:08.000
GameStop,2016-07-04 03:57:38.000
GameStop,2016-07-04 04:08:53.000
GameStop,2016-08-02 04:32:56.000
GameStop,2016-08-02 04:38:09.000
GameStop,2016-09-01 14:28:48.000
GameStop,2016-09-01 14:46:17.000
GameStop,2016-09-30 04:16:36.000
GameStop,2016-09-30 04:27:46.000
GameStop,2016-10-29 08:11:35.000
GameStop,2016-11-28 08:12:12.000
GameStop,2016-12-27 04:03:30.000
Gap,2016-10-12 19:29:02.000
Gap,2016-11-11 13:20:01.000
Gap,2016-11-11 13:25:38.000
Gap,2016-12-10 16:33:00.000
Gap,2016-12-10 16:34:50.000
General Dynamics,2013-12-22 19:43:00.000
General Dynamics,2013-12-22 19:48:13.000
General Dynamics,2014-01-21 02:17:14.000
General Dynamics,2014-01-21 02:35:06.000
General Dynamics,2014-02-20 00:33:55.000
General Dynamics,2014-02-20 00:34:29.000
General Dynamics,2014-03-21 19:28:41.000
General Dynamics,2014-03-21 19:29:00.000
General Dynamics,2014-04-19 06:10:06.000
General Dynamics,2014-04-19 06:22:22.000
General Dynamics,2014-05-19 19:51:41.000
General Dynamics,2014-06-17 10:32:19.000
General Dynamics,2014-06-17 10:47:26.000
General Dynamics,2014-07-17 08:52:15.000
General Dynamics,2014-08-15 00:19:30.000
General Dynamics,2014-08-15 00:30:45.000
General Dynamics,2014-09-14 03:28:20.000
General Dynamics,2014-10-14 13:55:25.000
General Dynamics,2014-10-14 14:04:21.000
General Dynamics,2014-11-13 08:21:37.000
General Dynamics,2014-11-13 08:22:46.000
General Dynamics,2014-12-12 08:23:35.000
General Dynamics,2014-12-12 08:45:35.000
General Dynamics,2015-01-10 21:27:26.000
General Dynamics,2015-02-09 19:16:37.000
General Dynamics,2015-02-09 19:19:50.000
General Dynamics,2015-03-11 10:25:53.000
General Dynamics,2015-03-11 10:39:03.000
General Dynamics,2015-04-10 00:54:54.000
General Dynamics,2015-05-09 13:20:46.000
General Dynamics,2015-05-09 13:27:32.000
General Dynamics,2015-06-07 08:35:21.000
General Dynamics,2015-06-07 08:37:29.000
General Dynamics,2015-07-07 21:46:03.000
General Dynamics,2015-08-05 06:34:42.000
General Dynamics,2015-09-03 03:34:27.000
General Dynamics,2015-09-03 03:39:42.000
General Dynamics,2015-10-02 14:34:56.000
General Dynamics,2015-10-02 14:39:10.000
General Dynamics,2015-10-31 15:53:30.000
General Dynamics,2015-10-31 16:16:46.000
General Dynamics,2015-11-29 10:56:42.000
General Dynamics,2015-11-29 11:12:23.000
General Dynamics,2015-12-29 17:43:36.000
General Dynamics,2016-01-27 17:39:19.000
General Dynamics,2016-01-27 17:46:13.000
General Dynamics,2016-02-25 01:18:03.000
General Dynamics,2016-03-26 10:28:30.000
General Dynamics,2016-04-24 11:29:10.000
General Dynamics,2016-04-24 11:34:18.000
General Dynamics,2016-05-24 22:06:13.000
General Dynamics,2016-05-24 22:18:22.000
General Dynamics,2016-06-22 16:56:34.000
General Dynamics,2016-06-22 17:06:26.000
General Dynamics,2016-07-21 01:45:50.000
General Dynamics,2016-07-21 01:49:18.000
General Dynamics,2016-08-20 10:13:21.000
General Dynamics,2016-08-20 10:22:08.000
General Dynamics,2016-09-19 23:06:32.000
General Dynamics,2016-09-19 23:24:09.000
General Dynamics,2016-10-18 14:16:45.000
General Dynamics,2016-10-18 14:25:33.000
General Dynamics,2016-11-16 02:16:44.000
General Dynamics,2016-11-16 02:24:40.000
General Dynamics,2016-12-15 07:30:38.000
General Dynamics,2016-12-15 07:34:39.000
General Electric,2015-06-24 13:08:15.000
General Electric,2015-08-22 19:29:53.000
General Electric,2015-08-22 19:40:36.000
General Electric,2015-09-21 05:12:37.000
General Electric,2015-09-21 05:14:46.000
General Electric,2015-10-21 16:35:51.000
General Electric,2015-11-21 00:11:01.000
General Electric,2015-11-21 00:11:38.000
General Electric,2015-12-19 18:36:08.000
General Electric,2016-01-17 14:32:49.000
General Electric,2016-01-17 14:36:45.000
General Electric,2016-02-15 07:57:58.000
General Electric,2016-02-15 08:07:15.000
General Electric,2016-03-15 11:36:03.000
General Electric,2016-04-13 23:59:43.000
General Electric,2016-04-14 00:14:37.000
General Electric,2016-05-13 02:12:48.000
General Electric,2016-05-13 02:19:44.000
General Electric,2016-06-12 12:56:04.000
General Mills,2015-02-06 00:50:03.000
General Mills,2015-03-07 15:39:24.000
General Mills,2015-04-05 08:55:35.000
General Mills,2015-05-05 07:43:37.000
General Mills,2015-06-03 12:18:59.000
General Mills,2015-07-02 09:22:04.000
General Mills,2015-07-02 09:26:49.000
General Mills,2015-07-31 09:21:36.000
General Mills,2015-08-29 21:54:19.000
General Mills,2015-09-28 12:11:51.000
General Mills,2015-10-28 08:51:17.000
General Mills,2015-11-27 14:07:31.000
General Mills,2015-11-27 14:19:43.000
General Motors,2016-12-13 09:01:03.000
General Motors,2016-12-13 09:15:47.000
Genuine Parts,2016-07-31 01:20:30.000
Genuine Parts,2016-07-31 01:20:52.000
Genuine Parts,2016-08-29 04:10:45.000
Genuine Parts,2016-08-29 04:21:32.000
Genuine Parts,2016-09-27 04:34:44.000
Genuine Parts,2016-09-27 04:42:31.000
Genuine Parts,2016-10-26 22:45:39.000
Genuine Parts,2016-10-26 22:54:50.000
Genuine Parts,2016-11-24 21:04:04.000
Genuine Parts,2016-11-24 21:06:41.000
Genuine Parts,2016-12-23 03:21:18.000
Genuine Parts,2016-12-23 03:38:07.000
Genworth Financial,2016-12-03 06:03:11.000
Genworth Financial,2017-01-01 20:52:23.000
Genworth Financial,2017-01-01 21:04:25.000
Gilead Sciences,2014-06-16 03:05:51.000
Gilead Sciences,2014-06-16 03:13:50.000
Gilead Sciences,2014-07-16 18:17:18.000
Gilead Sciences,2014-07-16 18:38:19.000
Gilead Sciences,2014-08-15 09:02:31.000
Gilead Sciences,2014-08-15 09:19:41.000
Gilead Sciences,2014-09-13 05:59:14.000
Gilead Sciences,2014-10-13 19:53:30.000
Gilead Sciences,2014-11-12 04:47:05.000
Gilead Sciences,2014-12-11 09:14:21.000
Gilead Sciences,2014-12-11 09:27:00.000
Gilead Sciences,2015-01-09 17:50:48.000
Gilead Sciences,2015-02-08 00:15:47.000
Gilead Sciences,2015-03-10 12:23:32.000
Gilead Sciences,2015-03-10 12:37:49.000
Gilead Sciences,2015-04-09 18:19:15.000
Gilead Sciences,2015-04-09 18:40:23.000
Gilead Sciences,2015-05-09 06:56:58.000
Gilead Sciences,2015-06-08 00:11:07.000
Gilead Sciences,2015-07-07 10:55:44.000
Gilead Sciences,2015-07-07 11:18:11.000
Gilead Sciences,2015-08-05 13:41:11.000
Gilead Sciences,2015-08-05 13:45:29.000
Gilead Sciences,2015-09-03 04:02:35.000
Gilead Sciences,2015-09-03 04:20:45.000
Gilead Sciences,2015-10-03 04:55:15.000
Gilead Sciences,2015-11-02 02:58:24.000
Global Partners,2015-06-14 20:57:42.000
Global Partners,2015-07-14 12:35:54.000
Global Partners,2015-07-14 12:36:53.000
Global Partners,2015-08-12 02:16:04.000
Global Partners,2015-09-10 07:50:44.000
Global Partners,2015-10-09 08:25:46.000
Global Partners,2015-11-08 09:37:21.000
Global Partners,2015-11-08 09:46:54.000
Global Partners,2015-12-07 17:22:26.000
Global Partners,2015-12-07 17:27:44.000
Global Partners,2016-01-06 08:35:11.000
Global Partners,2016-01-06 08:45:17.000
Global Partners,2016-02-05 14:12:48.000
Global Partners,2016-03-05 09:30:32.000
Global Partners,2016-04-04 03:53:49.000
Global Partners,2016-04-04 04:04:35.000
Global Partners,2016-05-04 01:10:20.000
Global Partners,2016-05-04 01:14:14.000
Global Partners,2016-06-02 14:15:21.000
Global Partners,2016-06-02 14:26:48.000
Global Partners,2016-07-01 10:36:24.000
Global Partners,2016-07-31 16:44:08.000
Global Partners,2016-07-31 16:53:28.000
Global Partners,2016-08-29 16:55:53.000
Global Partners,2016-09-28 23:11:00.000
Global Partners,2016-10-28 03:07:21.000
Global Partners,2016-11-27 09:40:35.000
Global Partners,2016-12-26 13:52:55.000
Global Partners,2016-12-26 13:57:36.000
Goodyear Tire & Rubber,2015-03-27 21:51:11.000
Goodyear Tire & Rubber,2015-03-27 21:55:50.000
Goodyear Tire & Rubber,2015-04-26 21:55:57.000
Goodyear Tire & Rubber,2015-04-26 22:10:30.000
Goodyear Tire & Rubber,2015-05-25 06:09:36.000
Goodyear Tire & Rubber,2015-05-25 06:12:13.000
Goodyear Tire & Rubber,2015-06-24 19:42:22.000
Goodyear Tire & Rubber,2015-06-24 19:45:49.000
Goodyear Tire & Rubber,2015-07-24 04:38:29.000
Goodyear Tire & Rubber,2015-07-24 04:53:49.000
Goodyear Tire & Rubber,2015-08-22 17:06:54.000
Goodyear Tire & Rubber,2015-08-22 17:13:16.000
Goodyear Tire & Rubber,2015-09-21 06:21:09.000
Goodyear Tire & Rubber,2015-10-20 16:18:16.000
Goodyear Tire & Rubber,2015-10-20 16:24:37.000
Goodyear Tire & Rubber,2015-11-19 12:09:36.000
Goodyear Tire & Rubber,2015-12-19 11:09:52.000
Goodyear Tire & Rubber,2015-12-19 11:13:26.000
Goodyear Tire & Rubber,2016-01-18 05:43:05.000
Goodyear Tire & Rubber,2016-01-18 05:49:05.000
Goodyear Tire & Rubber,2016-02-16 10:16:05.000
Goodyear Tire & Rubber,2016-02-16 10:38:47.000
Goodyear Tire & Rubber,2016-03-17 16:39:25.000
Goodyear Tire & Rubber,2016-04-16 06:55:25.000
Goodyear Tire & Rubber,2016-04-16 06:57:18.000
Goodyear Tire & Rubber,2016-05-15 23:40:57.000
Goodyear Tire & Rubber,2016-05-15 23:52:05.000
Goodyear Tire & Rubber,2016-06-13 10:53:53.000
Goodyear Tire & Rubber,2016-06-13 11:08:19.000
Goodyear Tire & Rubber,2016-07-12 11:04:19.000
Goodyear Tire & Rubber,2016-07-12 11:19:07.000
Goodyear Tire & Rubber,2016-08-10 10:12:18.000
Goodyear Tire & Rubber,2016-08-10 10:24:05.000
Goodyear Tire & Rubber,2016-09-09 04:38:52.000
Goodyear Tire & Rubber,2016-09-09 05:08:41.000
Goodyear Tire & Rubber,2016-10-09 15:25:36.000
Goodyear Tire & Rubber,2016-10-09 15:33:13.000
Goodyear Tire & Rubber,2016-11-08 03:05:39.000
Goodyear Tire & Rubber,2016-11-08 03:13:39.000
Goodyear Tire & Rubber,2016-12-08 13:24:04.000
Goodyear Tire & Rubber,2016-12-08 13:45:07.000
Group 1 Automotive,2016-04-16 04:42:33.000
Group 1 Automotive,2016-05-15 11:28:51.000
Group 1 Automotive,2016-05-15 11:34:58.000
Group 1 Automotive,2016-06-14 06:20:36.000
Group 1 Automotive,2016-06-14 06:23:03.000
Group 1 Automotive,2016-07-13 08:02:15.000
Group 1 Automotive,2016-08-12 08:41:15.000
Group 1 Automotive,2016-08-12 09:04:25.000
Group 1 Automotive,2016-09-10 13:51:18.000
Group 1 Automotive,2016-10-10 20:53:18.000
Group 1 Automotive,2016-11-09 07:08:37.000
Group 1 Automotive,2016-11-09 07:24:00.000
Group 1 Automotive,2016-12-08 21:55:56.000
Guardian Life Ins. Co. of America,2013-12-06 13:14:47.000
Guardian Life Ins. Co. of America,2013-12-06 13:17:25.000
Guardian Life Ins. Co. of America,2014-01-05 05:52:57.000
Guardian Life Ins. Co. of America,2014-01-05 06:15:06.000
Guardian Life Ins. Co. of America,2014-02-03 07:13:06.000
Guardian Life Ins. Co. of America,2014-03-04 22:37:28.000
Guardian Life Ins. Co. of America,2014-04-02 18:55:19.000
Guardian Life Ins. Co. of America,2014-05-01 03:08:51.000
Guardian Life Ins. Co. of America,2014-05-31 06:19:14.000
Guardian Life Ins. Co. of America,2014-06-29 13:00:00.000
Guardian Life Ins. Co. of America,2014-07-29 21:20:29.000
Guardian Life Ins. Co. of America,2014-08-28 08:59:47.000
Guardian Life Ins. Co. of America,2014-08-28 09:15:04.000
Guardian Life Ins. Co. of America,2014-09-26 15:31:21.000
Guardian Life Ins. Co. of America,2014-09-26 15:48:53.000
Guardian Life Ins. Co. of America,2014-10-25 23:21:26.000
Guardian Life Ins. Co. of America,2014-10-25 23:27:54.000
Guardian Life Ins. Co. of America,2014-11-23 09:11:38.000
Guardian Life Ins. Co. of America,2014-11-23 09:16:50.000
Guardian Life Ins. Co. of America,2014-12-23 08:27:07.000
Guardian Life Ins. Co. of America,2014-12-23 08:47:28.000
Guardian Life Ins. Co. of America,2015-01-21 15:55:09.000
Guardian Life Ins. Co. of America,2015-02-19 18:07:57.000
Guardian Life Ins. Co. of America,2015-03-21 06:44:25.000
Guardian Life Ins. Co. of America,2015-03-21 06:53:55.000
Guardian Life Ins. Co. of America,2015-04-20 01:36:08.000
Guardian Life Ins. Co. of America,2015-04-20 01:43:21.000
Guardian Life Ins. Co. of America,2015-05-20 03:51:09.000
Guardian Life Ins. Co. of America,2015-05-20 04:09:05.000
Guardian Life Ins. Co. of America,2015-06-18 13:34:48.000
Guardian Life Ins. Co. of America,2015-06-18 13:35:11.000
Guardian Life Ins. Co. of America,2015-07-17 09:21:03.000
Guardian Life Ins. Co. of America,2015-07-17 09:34:25.000
Guardian Life Ins. Co. of America,2015-08-15 18:02:01.000
Guardian Life Ins. Co. of America,2015-08-15 18:05:23.000
Guardian Life Ins. Co. of America,2015-09-13 12:04:34.000
Guardian Life Ins. Co. of America,2015-10-13 14:15:39.000
Guardian Life Ins. Co. of America,2015-11-11 20:55:55.000
Guardian Life Ins. Co. of America,2015-11-11 20:58:32.000
HCA Holdings,2016-12-07 07:42:17.000
HCA Holdings,2016-12-07 08:07:13.000
HD Supply Holdings,2015-11-10 15:00:25.000
HD Supply Holdings,2015-12-10 16:40:49.000
HD Supply Holdings,2015-12-10 16:45:52.000
HD Supply Holdings,2016-01-08 09:20:59.000
HD Supply Holdings,2016-01-08 09:35:06.000
HD Supply Holdings,2016-02-07 14:58:48.000
HD Supply Holdings,2016-03-07 07:38:51.000
HD Supply Holdings,2016-03-07 07:44:04.000
HD Supply Holdings,2016-04-05 03:36:25.000
HD Supply Holdings,2016-04-05 03:48:33.000
HD Supply Holdings,2016-05-04 12:33:42.000
HD Supply Holdings,2016-06-03 22:14:38.000
HP,2016-01-24 19:29:16.000
HP,2016-01-24 19:41:50.000
HP,2016-02-23 10:13:07.000
HP,2016-02-23 10:30:36.000
HP,2016-03-23 21:33:31.000
HP,2016-04-22 03:09:53.000
HP,2016-05-21 23:11:38.000
HP,2016-05-21 23:21:14.000
HP,2016-06-20 21:28:14.000
HP,2016-06-20 21:35:43.000
HP,2016-07-19 07:24:11.000
HP,2016-07-19 07:34:17.000
HP,2016-08-18 16:04:15.000
HP,2016-09-17 05:09:45.000
HP,2016-10-16 19:21:13.000
HP,2016-10-16 19:29:55.000
HP,2016-11-15 20:44:15.000
HP,2016-12-15 20:49:47.000
Halliburton,2016-10-29 11:33:38.000
Halliburton,2016-10-29 11:44:44.000
Halliburton,2016-11-27 04:08:27.000
Halliburton,2016-11-27 04:17:14.000
Halliburton,2016-12-26 16:54:34.000
Halliburton,2016-12-26 17:09:25.000
Hartford Financial Services Group,2016-06-15 10:32:41.000
Hartford Financial Services Group,2016-07-15 21:05:09.000
Hartford Financial Services Group,2016-08-13 15:35:35.000
Hartford Financial Services Group,2016-09-12 15:48:56.000
Hartford Financial Services Group,2016-10-12 02:22:50.000
Hartford Financial Services Group,2016-10-12 02:29:24.000
Hartford Financial Services Group,2016-11-11 00:27:31.000
Hartford Financial Services Group,2016-11-11 00:27:50.000
Hartford Financial Services Group,2016-12-11 09:42:54.000
Hartford Financial Services Group,2016-12-11 09:51:09.000
Health Net,2016-04-19 03:11:52.000
Health Net,2016-05-19 16:23:22.000
Health Net,2016-06-18 00:46:46.000
Health Net,2016-06-18 01:06:53.000
Health Net,2016-07-17 13:03:19.000
Health Net,2016-08-16 04:54:34.000
Health Net,2016-08-16 04:55:44.000
Health Net,2016-09-14 00:44:14.000
Health Net,2016-10-13 18:12:24.000
Health Net,2016-11-12 02:58:08.000
Health Net,2016-11-12 03:04:51.000
Health Net,2016-12-11 22:14:23.000
Henry Schein,2016-09-23 18:12:03.000
Henry Schein,2016-09-23 18:34:03.000
Henry Schein,2016-10-23 04:45:28.000
Henry Schein,2016-10-23 04:50:37.000
Henry Schein,2016-11-21 05:08:29.000
Henry Schein,2016-11-21 05:25:15.000
Henry Schein,2016-12-20 20:36:05.000
Henry Schein,2016-12-20 20:50:40.000
Hertz Global Holdings,2016-10-20 09:31:44.000
Hertz Global Holdings,2016-10-20 09:53:46.000
Hertz Global Holdings,2016-11-19 08:22:40.000
Hertz Global Holdings,2016-11-19 08:27:46.000
Hertz Global Holdings,2016-12-19 04:12:18.000
Hilton Worldwide Holdings,2015-06-03 23:42:59.000
Hilton Worldwide Holdings,2015-07-02 18:14:21.000
Hilton Worldwide Holdings,2015-07-02 18:34:36.000
Hilton Worldwide Holdings,2015-07-31 21:38:47.000
Hilton Worldwide Holdings,2015-07-31 21:43:13.000
Hilton Worldwide Holdings,2015-08-30 22:00:43.000
Hilton Worldwide Holdings,2015-09-28 04:18:52.000
Hilton Worldwide Holdings,2015-09-28 04:28:00.000
Hilton Worldwide Holdings,2015-10-28 12:53:57.000
Hilton Worldwide Holdings,2015-10-28 12:55:32.000
Hilton Worldwide Holdings,2015-11-26 19:23:59.000
Hilton Worldwide Holdings,2015-12-25 06:03:09.000
Hilton Worldwide Holdings,2016-02-22 02:58:58.000
Hilton Worldwide Holdings,2016-02-22 03:26:38.000
Hilton Worldwide Holdings,2016-03-23 10:05:12.000
Hilton Worldwide Holdings,2016-03-23 10:21:15.000
Hilton Worldwide Holdings,2016-04-21 17:38:19.000
Hilton Worldwide Holdings,2016-05-21 14:32:23.000
Hilton Worldwide Holdings,2016-06-19 20:57:38.000
Hilton Worldwide Holdings,2016-07-19 19:01:03.000
Hilton Worldwide Holdings,2016-08-18 10:34:25.000
Hilton Worldwide Holdings,2016-09-17 14:44:49.000
Hilton Worldwide Holdings,2016-10-16 00:52:24.000
Hilton Worldwide Holdings,2016-10-16 01:04:22.000
Hilton Worldwide Holdings,2016-11-15 06:12:01.000
Hilton Worldwide Holdings,2016-11-15 06:25:29.000
Hilton Worldwide Holdings,2016-12-15 11:59:26.000
HollyFrontier,2016-03-01 18:34:56.000
HollyFrontier,2016-03-01 18:39:51.000
HollyFrontier,2016-03-30 07:50:22.000
HollyFrontier,2016-03-30 07:54:07.000
HollyFrontier,2016-04-28 11:40:49.000
HollyFrontier,2016-04-28 11:40:59.000
HollyFrontier,2016-05-28 23:18:45.000
HollyFrontier,2016-05-28 23:23:03.000
HollyFrontier,2016-06-26 18:56:25.000
HollyFrontier,2016-07-26 12:11:43.000
HollyFrontier,2016-07-26 12:28:46.000
HollyFrontier,2016-08-24 19:45:56.000
HollyFrontier,2016-09-22 14:53:30.000
HollyFrontier,2016-09-22 14:59:15.000
HollyFrontier,2016-10-22 16:09:25.000
HollyFrontier,2016-10-22 16:31:04.000
HollyFrontier,2016-11-21 21:33:37.000
HollyFrontier,2016-12-21 04:52:53.000
HollyFrontier,2016-12-21 04:58:15.000
Home Depot,2015-10-28 12:07:44.000
Home Depot,2015-11-26 06:17:51.000
Home Depot,2015-11-26 06:27:24.000
Honeywell International,2015-05-22 23:53:06.000
Honeywell International,2015-05-23 00:01:04.000
Honeywell International,2015-06-20 03:07:47.000
Honeywell International,2015-06-20 03:15:42.000
Honeywell International,2015-07-19 13:44:36.000
Honeywell International,2015-07-19 14:02:52.000
Honeywell International,2015-08-17 23:53:11.000
Honeywell International,2015-09-15 05:07:54.000
Honeywell International,2015-10-15 18:46:47.000
Honeywell International,2015-10-15 18:58:26.000
Honeywell International,2015-11-14 13:18:09.000
Honeywell International,2015-12-13 20:19:39.000
Honeywell International,2015-12-13 20:40:24.000
Honeywell International,2016-01-12 21:06:35.000
Honeywell International,2016-02-10 19:11:42.000
Honeywell International,2016-03-10 00:41:19.000
Honeywell International,2016-04-08 04:03:44.000
Honeywell International,2016-05-07 15:21:58.000
Honeywell International,2016-05-07 15:26:32.000
Honeywell International,2016-06-06 17:14:48.000
Honeywell International,2016-07-06 10:52:54.000
Honeywell International,2016-08-04 00:23:53.000
Honeywell International,2016-08-04 00:29:29.000
Honeywell International,2016-09-02 06:41:11.000
Honeywell International,2016-09-02 06:48:59.000
Honeywell International,2016-10-01 09:03:06.000
Honeywell International,2016-10-01 09:11:19.000
Honeywell International,2016-10-31 00:20:06.000
Honeywell International,2016-10-31 00:30:20.000
Honeywell International,2016-11-30 19:08:36.000
Honeywell International,2016-11-30 19:13:27.000
Honeywell International,2016-12-30 16:54:32.000
Hormel Foods,2015-10-18 14:14:35.000
Hormel Foods,2015-10-18 14:18:56.000
Hormel Foods,2015-11-17 13:49:35.000
Hormel Foods,2015-11-17 14:06:38.000
Hormel Foods,2015-12-16 04:06:00.000
Hormel Foods,2015-12-16 04:20:02.000
Hormel Foods,2016-01-15 20:03:23.000
Hormel Foods,2016-01-15 20:05:52.000
Hormel Foods,2016-02-13 23:40:27.000
Hormel Foods,2016-02-13 23:40:44.000
Hormel Foods,2016-03-13 07:59:16.000
Hormel Foods,2016-03-13 08:13:06.000
Hormel Foods,2016-04-11 09:01:29.000
Hormel Foods,2016-05-10 06:20:17.000
Hormel Foods,2016-06-08 03:05:43.000
Hormel Foods,2016-07-07 03:01:43.000
Hormel Foods,2016-08-05 05:32:12.000
Hormel Foods,2016-08-05 05:37:00.000
Hormel Foods,2016-09-04 23:13:02.000
Hormel Foods,2016-09-04 23:20:05.000
Hormel Foods,2016-10-04 06:12:21.000
Hormel Foods,2016-11-02 22:34:21.000
Hormel Foods,2016-11-02 22:41:14.000
Hormel Foods,2016-12-01 12:33:24.000
Hormel Foods,2016-12-31 08:55:57.000
Humana,2016-03-20 05:11:47.000
Humana,2016-04-19 02:12:35.000
Humana,2016-05-19 18:26:14.000
Humana,2016-06-18 05:50:37.000
Humana,2016-06-18 05:53:14.000
Humana,2016-07-17 07:45:55.000
Humana,2016-08-15 21:30:18.000
Humana,2016-09-14 03:51:18.000
Humana,2016-09-14 04:15:58.000
Humana,2016-10-14 14:58:06.000
Humana,2016-11-13 02:45:20.000
Humana,2016-11-13 02:49:59.000
Humana,2016-12-12 21:31:38.000
Humana,2016-12-12 21:47:44.000
Huntsman,2016-10-08 02:43:22.000
Huntsman,2016-10-08 02:55:08.000
Huntsman,2016-11-07 10:57:06.000
Huntsman,2016-11-07 11:02:05.000
Huntsman,2016-12-06 00:09:19.000
Huntsman,2016-12-06 00:15:51.000
IBM,2013-12-08 07:05:07.000
IBM,2013-12-08 07:11:38.000
IBM,2014-01-07 01:37:17.000
IBM,2014-01-07 01:37:46.000
IBM,2014-02-05 14:07:08.000
IBM,2014-02-05 14:07:38.000
IBM,2014-03-06 13:40:13.000
IBM,2014-03-06 13:40:13.000
IBM,2014-04-05 06:47:38.000
IBM,2014-05-04 11:56:46.000
IBM,2014-06-02 06:03:36.000
IBM,2014-07-01 10:22:50.000
IBM,2014-07-01 10:32:19.000
IBM,2014-07-31 13:21:10.000
IBM,2014-07-31 13:34:57.000
IBM,2014-08-30 04:30:04.000
IBM,2014-08-30 04:53:20.000
IBM,2014-09-29 06:52:17.000
IBM,2014-10-28 03:13:49.000
IBM,2014-10-28 03:15:54.000
IBM,2014-12-26 02:30:38.000
IBM,2014-12-26 02:39:41.000
IBM,2015-01-24 06:07:44.000
IBM,2015-01-24 06:09:29.000
IBM,2015-02-22 08:25:40.000
IBM,2015-03-23 01:15:50.000
IBM,2015-04-21 21:43:17.000
IBM,2015-05-21 10:19:45.000
IBM,2015-05-21 10:39:12.000
IBM,2015-06-20 05:49:05.000
IBM,2015-07-20 13:51:52.000
IBM,2015-07-20 13:52:39.000
IBM,2015-08-19 00:27:36.000
IBM,2015-09-17 13:49:20.000
IBM,2015-09-17 13:57:28.000
IBM,2015-10-16 21:21:12.000
IBM,2015-10-16 21:23:43.000
IBM,2015-11-14 06:15:54.000
IBM,2016-01-11 21:15:53.000
IBM,2016-01-11 21:20:36.000
IBM,2016-02-09 09:27:10.000
IBM,2016-02-09 09:32:05.000
IBM,2016-03-10 22:47:09.000
IBM,2016-03-10 23:02:11.000
IBM,2016-04-08 01:04:18.000
IBM,2016-04-08 01:13:05.000
IBM,2016-05-07 23:22:53.000
IBM,2016-05-07 23:29:57.000
IBM,2016-06-05 13:23:42.000
IBM,2016-07-04 20:43:26.000
IBM,2016-07-04 20:52:10.000
IBM,2016-08-02 06:15:58.000
IBM,2016-08-02 06:18:34.000
IBM,2016-09-01 00:12:05.000
IBM,2016-10-02 00:11:33.000
IBM,2016-10-31 04:50:05.000
IBM,2016-10-31 04:52:36.000
IBM,2016-11-29 21:01:59.000
IBM,2016-11-29 21:08:51.000
IBM,2016-12-29 01:40:19.000
INTL FCStone,2016-12-22 21:02:50.000
Icahn Enterprises,2016-04-26 08:49:41.000
Icahn Enterprises,2016-05-25 14:22:23.000
Icahn Enterprises,2016-06-23 22:03:26.000
Icahn Enterprises,2016-06-23 22:10:52.000
Icahn Enterprises,2016-07-22 18:21:37.000
Icahn Enterprises,2016-08-20 13:40:00.000
Icahn Enterprises,2016-09-18 23:39:46.000
Icahn Enterprises,2016-09-18 23:49:15.000
Icahn Enterprises,2016-10-18 16:50:49.000
Icahn Enterprises,2016-10-18 17:00:32.000
Icahn Enterprises,2016-11-17 02:59:22.000
Icahn Enterprises,2016-12-16 14:35:56.000
Illinois Tool Works,2013-12-31 12:58:47.000
Illinois Tool Works,2013-12-31 13:14:55.000
Illinois Tool Works,2014-01-29 16:10:51.000
Illinois Tool Works,2014-01-29 16:21:02.000
Illinois Tool Works,2014-02-27 12:11:47.000
Illinois Tool Works,2014-02-27 12:18:00.000
Illinois Tool Works,2014-03-29 07:42:07.000
Illinois Tool Works,2014-03-29 07:54:52.000
Illinois Tool Works,2014-04-27 18:29:13.000
Illinois Tool Works,2014-05-27 16:11:05.000
Illinois Tool Works,2014-05-27 16:27:38.000
Ingram Micro,2016-05-10 04:09:36.000
Ingram Micro,2016-06-09 19:26:44.000
Ingram Micro,2016-06-09 19:35:29.000
Ingram Micro,2016-08-07 15:57:59.000
Ingram Micro,2016-09-06 06:34:57.000
Ingram Micro,2016-10-05 10:21:02.000
Ingram Micro,2016-11-03 18:13:10.000
Ingram Micro,2016-12-02 05:56:42.000
Ingram Micro,2016-12-31 13:56:33.000
Intel,2015-01-30 04:56:18.000
Intel,2015-01-30 05:14:23.000
Intel,2015-03-01 04:04:37.000
Intel,2015-03-01 04:20:25.000
Intel,2015-03-31 18:31:01.000
Intel,2015-04-29 00:56:05.000
Intel,2015-04-29 00:58:33.000
Intel,2015-05-28 08:41:55.000
Intel,2015-05-28 08:47:41.000
Intel,2015-06-26 22:45:57.000
Intel,2015-06-26 22:56:45.000
Intel,2015-07-25 03:46:29.000
Intel,2015-07-25 03:53:22.000
Intel,2015-08-23 00:27:36.000
Intel,2015-08-23 00:31:35.000
Intel,2015-09-21 00:25:42.000
Intel,2015-10-21 17:19:13.000
Intel,2015-10-21 17:19:22.000
Intel,2015-11-19 08:55:20.000
Intel,2015-11-19 09:10:10.000
Intel,2015-12-19 02:48:36.000
Intel,2015-12-19 02:54:44.000
Intel,2016-01-17 13:08:19.000
Intel,2016-01-17 13:22:55.000
Intel,2016-02-15 11:48:02.000
Intel,2016-02-15 11:48:24.000
Intel,2016-03-15 05:59:09.000
Intel,2016-03-15 06:13:49.000
Intel,2016-04-14 23:56:35.000
Intel,2016-04-14 23:59:50.000
Intel,2016-05-14 04:33:11.000
Intel,2016-06-12 10:28:25.000
Intel,2016-07-11 09:43:54.000
Intel,2016-07-11 09:54:38.000
Intel,2016-08-09 09:46:51.000
Intel,2016-09-08 14:25:45.000
Intel,2016-09-08 14:32:39.000
Intel,2016-10-07 21:16:34.000
Intel,2016-11-05 14:28:53.000
Intel,2016-11-05 14:36:17.000
Intel,2016-12-05 01:10:57.000
Intel,2016-12-05 01:27:01.000
International Paper,2016-06-03 03:00:33.000
International Paper,2016-07-03 21:23:42.000
International Paper,2016-07-03 21:42:19.000
International Paper,2016-08-02 07:58:33.000
International Paper,2016-08-31 17:09:28.000
International Paper,2016-08-31 17:13:20.000
International Paper,2016-09-30 09:28:39.000
International Paper,2016-09-30 09:42:13.000
International Paper,2016-10-29 21:56:24.000
International Paper,2016-10-29 22:08:34.000
International Paper,2016-11-28 03:27:58.000
International Paper,2016-11-28 03:37:13.000
International Paper,2016-12-27 09:37:17.000
International Paper,2016-12-27 09:44:11.000
J.C. Penney,2016-03-07 22:24:42.000
J.C. Penney,2016-04-06 18:53:21.000
J.C. Penney,2016-04-06 18:58:27.000
J.C. Penney,2016-05-06 16:19:43.000
J.P. Morgan Chase,2015-01-20 10:54:29.000
J.P. Morgan Chase,2015-02-18 15:41:25.000
J.P. Morgan Chase,2015-03-19 12:18:21.000
J.P. Morgan Chase,2015-03-19 12:37:55.000
J.P. Morgan Chase,2015-04-17 11:41:57.000
J.P. Morgan Chase,2015-04-17 11:44:48.000
J.P. Morgan Chase,2015-05-16 19:44:32.000
J.P. Morgan Chase,2015-05-16 19:53:47.000
J.P. Morgan Chase,2015-06-15 08:14:22.000
J.P. Morgan Chase,2015-06-15 08:23:00.000
J.P. Morgan Chase,2015-07-15 07:31:59.000
J.P. Morgan Chase,2015-07-15 07:36:48.000
J.P. Morgan Chase,2015-08-14 09:48:11.000
J.P. Morgan Chase,2015-08-14 09:55:14.000
J.P. Morgan Chase,2015-09-12 17:54:40.000
J.P. Morgan Chase,2015-10-11 13:32:14.000
J.P. Morgan Chase,2015-11-09 23:30:42.000
J.P. Morgan Chase,2015-11-09 23:51:15.000
J.P. Morgan Chase,2015-12-08 16:38:40.000
J.P. Morgan Chase,2015-12-08 16:42:52.000
J.P. Morgan Chase,2016-01-06 20:38:49.000
J.P. Morgan Chase,2016-01-06 20:57:34.000
J.P. Morgan Chase,2016-02-04 20:12:53.000
J.P. Morgan Chase,2016-02-04 20:17:54.000
J.P. Morgan Chase,2016-03-04 19:49:15.000
J.P. Morgan Chase,2016-03-04 19:58:40.000
J.P. Morgan Chase,2016-04-03 19:34:42.000
J.P. Morgan Chase,2016-05-03 07:17:08.000
J.P. Morgan Chase,2016-05-03 07:28:15.000
J.P. Morgan Chase,2016-06-01 21:30:48.000
J.P. Morgan Chase,2016-06-01 21:34:56.000
J.P. Morgan Chase,2016-06-30 15:16:45.000
J.P. Morgan Chase,2016-07-29 23:05:35.000
J.P. Morgan Chase,2016-07-29 23:06:16.000
J.P. Morgan Chase,2016-08-27 07:52:54.000
J.P. Morgan Chase,2016-08-27 08:04:03.000
J.P. Morgan Chase,2016-09-26 18:21:16.000
J.P. Morgan Chase,2016-09-26 18:25:38.000
J.P. Morgan Chase,2016-10-26 08:45:50.000
J.P. Morgan Chase,2016-11-25 08:10:12.000
J.P. Morgan Chase,2016-11-25 08:25:45.000
J.P. Morgan Chase,2016-12-24 21:02:40.000
J.P. Morgan Chase,2016-12-24 21:14:21.000
Jabil Circuit,2013-12-19 17:36:09.000
Jabil Circuit,2013-12-19 17:37:45.000
Jabil Circuit,2014-01-17 12:15:05.000
Jabil Circuit,2014-02-16 07:58:14.000
Jabil Circuit,2014-02-16 08:25:44.000
Jabil Circuit,2014-03-18 14:16:18.000
Jabil Circuit,2014-03-18 14:20:52.000
Jabil Circuit,2014-04-16 06:24:45.000
Jabil Circuit,2014-04-16 06:48:28.000
Jabil Circuit,2014-05-16 01:20:48.000
Jabil Circuit,2014-05-16 01:22:45.000
Jabil Circuit,2014-06-15 11:33:45.000
Jabil Circuit,2014-06-15 11:35:59.000
Jabil Circuit,2014-07-15 00:26:39.000
Jabil Circuit,2014-07-15 00:30:48.000
Jabil Circuit,2014-08-15 00:16:55.000
Jabil Circuit,2014-08-15 00:20:48.000
Jabil Circuit,2014-09-12 12:39:15.000
Jabil Circuit,2014-09-12 13:03:17.000
Jabil Circuit,2014-10-11 11:10:05.000
Jabil Circuit,2014-10-11 11:12:16.000
Jabil Circuit,2014-11-09 19:34:43.000
Jacobs Engineering Group,2016-04-04 23:04:14.000
Jacobs Engineering Group,2016-04-04 23:05:29.000
Jacobs Engineering Group,2016-05-03 03:26:51.000
Jacobs Engineering Group,2016-05-03 03:35:52.000
Jacobs Engineering Group,2016-06-02 00:40:26.000
Jacobs Engineering Group,2016-06-02 00:41:26.000
Jacobs Engineering Group,2016-07-01 10:04:41.000
Jacobs Engineering Group,2016-07-01 10:16:00.000
Jacobs Engineering Group,2016-07-30 02:10:16.000
Jacobs Engineering Group,2016-07-30 02:10:36.000
Jacobs Engineering Group,2016-08-29 15:09:17.000
Jacobs Engineering Group,2016-09-28 02:09:52.000
Jacobs Engineering Group,2016-10-28 19:32:31.000
Jacobs Engineering Group,2016-10-28 19:53:36.000
Jacobs Engineering Group,2016-11-26 06:31:57.000
Jacobs Engineering Group,2016-11-26 06:56:12.000
Jacobs Engineering Group,2016-12-26 05:54:34.000
Jarden,2014-12-14 20:24:35.000
Jarden,2015-01-13 04:10:31.000
Jarden,2015-01-13 04:32:02.000
Jarden,2015-02-12 02:29:54.000
Jarden,2015-03-14 13:36:41.000
Jarden,2015-04-12 18:12:42.000
Jarden,2015-05-11 08:48:50.000
Jarden,2015-06-10 08:16:38.000
Jarden,2015-06-10 08:39:58.000
Jarden,2015-07-10 23:07:14.000
Jarden,2015-07-10 23:15:10.000
Jarden,2015-08-09 18:10:51.000
Jarden,2015-08-09 18:15:40.000
Jarden,2015-09-08 17:10:32.000
Jarden,2015-09-08 17:10:32.000
Jarden,2015-10-07 07:24:24.000
Jarden,2015-10-07 07:36:29.000
Jarden,2015-11-05 04:24:57.000
Jarden,2015-12-05 21:22:38.000
Jarden,2015-12-05 21:26:42.000
Jarden,2016-01-04 09:39:13.000
Jarden,2016-01-04 09:47:08.000
Jarden,2016-02-02 14:13:55.000
Jarden,2016-02-02 14:14:49.000
Jarden,2016-03-03 09:13:19.000
Jarden,2016-03-03 09:25:58.000
Jarden,2016-04-01 16:51:01.000
Jarden,2016-05-01 03:20:40.000
Jarden,2016-05-01 03:35:32.000
Jarden,2016-05-30 13:45:22.000
Jarden,2016-05-30 13:46:54.000
Jarden,2016-06-28 15:15:36.000
Jarden,2016-06-28 15:34:56.000
Jarden,2016-07-27 02:25:53.000
Jarden,2016-07-27 02:41:15.000
Jarden,2016-08-25 09:21:49.000
Jarden,2016-08-25 09:41:59.000
Jarden,2016-09-23 02:12:11.000
Jarden,2016-10-22 09:11:35.000
Jarden,2016-10-22 09:20:44.000
Jarden,2016-11-20 06:10:00.000
Jarden,2016-12-20 20:28:46.000
Jarden,2016-12-20 20:45:16.000
Johnson & Johnson,2016-11-12 12:18:15.000
Johnson & Johnson,2016-11-12 12:27:19.000
Johnson & Johnson,2016-12-11 17:58:11.000
Johnson & Johnson,2016-12-11 18:14:15.000
Johnson Controls,2016-01-13 11:46:49.000
Johnson Controls,2016-01-13 12:00:32.000
Johnson Controls,2016-02-11 05:04:25.000
Johnson Controls,2016-02-11 05:07:37.000
Johnson Controls,2016-03-11 21:22:53.000
Johnson Controls,2016-04-10 11:22:43.000
Johnson Controls,2016-05-10 09:33:38.000
Johnson Controls,2016-05-10 09:35:41.000
Johnson Controls,2016-06-09 21:37:14.000
Johnson Controls,2016-07-08 20:45:56.000
Johnson Controls,2016-07-08 20:52:42.000
Johnson Controls,2016-08-06 11:29:09.000
Johnson Controls,2016-08-06 11:45:33.000
Johnson Controls,2016-09-05 06:06:40.000
Johnson Controls,2016-09-05 06:08:52.000
Johnson Controls,2016-10-04 00:34:26.000
Johnson Controls,2016-11-03 21:12:45.000
Johnson Controls,2016-12-02 17:42:38.000
Johnson Controls,2016-12-02 17:46:01.000
Johnson Controls,2016-12-31 07:05:10.000
KKR,2014-08-25 04:07:47.000
KKR,2014-08-25 04:09:22.000
KKR,2014-09-23 01:41:51.000
KKR,2014-09-23 01:42:23.000
KKR,2014-10-23 21:23:14.000
KKR,2014-10-23 21:28:06.000
KKR,2014-11-22 07:56:39.000
KKR,2014-11-22 08:02:53.000
KKR,2014-12-22 02:14:28.000
KKR,2014-12-22 02:23:22.000
KKR,2015-01-20 02:42:54.000
KKR,2015-01-20 02:45:40.000
KKR,2015-02-18 09:23:31.000
KKR,2015-02-18 09:25:34.000
KKR,2015-03-20 04:32:19.000
KKR,2015-03-20 04:35:07.000
KKR,2015-04-18 00:16:47.000
KKR,2015-04-18 00:34:45.000
KKR,2015-05-17 13:24:14.000
KKR,2015-05-17 13:41:54.000
KKR,2015-06-16 15:23:06.000
KKR,2015-06-16 15:25:28.000
KKR,2015-07-15 17:12:11.000
KKR,2015-07-15 17:32:19.000
KKR,2015-08-14 05:18:44.000
KKR,2015-09-12 22:06:44.000
KKR,2015-09-12 22:23:25.000
KKR,2015-10-11 05:19:12.000
KKR,2015-10-11 05:22:47.000
KKR,2015-11-09 09:19:33.000
KKR,2015-11-09 09:30:26.000
KKR,2015-12-08 08:19:39.000
KKR,2015-12-08 08:20:02.000
KKR,2016-01-06 23:56:04.000
KKR,2016-01-07 00:09:55.000
KKR,2016-02-04 20:48:16.000
KKR,2016-02-04 21:12:41.000
KKR,2016-03-05 13:19:07.000
KKR,2016-04-04 13:22:15.000
KKR,2016-05-03 09:43:00.000
KKR,2016-06-01 05:31:52.000
KKR,2016-06-01 05:36:30.000
KKR,2016-07-01 11:07:48.000
KKR,2016-07-01 11:10:00.000
KKR,2016-07-30 10:34:46.000
KKR,2016-07-30 10:38:37.000
KKR,2016-08-28 13:11:30.000
KKR,2016-08-28 13:14:18.000
KKR,2016-09-26 08:26:31.000
KKR,2016-09-26 08:44:11.000
KKR,2016-10-26 06:15:49.000
KKR,2016-11-24 16:17:22.000
KKR,2016-11-24 16:28:38.000
KKR,2016-12-23 17:23:04.000
KKR,2016-12-23 17:36:00.000
Kellogg,2015-02-06 11:56:14.000
Kellogg,2015-03-07 17:23:57.000
Kellogg,2015-03-07 17:27:37.000
Kellogg,2015-04-06 06:36:13.000
Kellogg,2015-04-06 06:40:26.000
Kellogg,2015-05-06 02:12:45.000
Kellogg,2015-06-04 11:10:42.000
Kellogg,2015-07-04 02:49:31.000
Kellogg,2015-08-03 20:01:02.000
Kellogg,2015-08-03 20:20:04.000
Kellogg,2015-09-01 10:51:48.000
Kellogg,2015-09-01 11:05:48.000
Kellogg,2015-10-01 01:01:02.000
Kellogg,2015-10-01 01:11:26.000
Kellogg,2015-10-30 20:37:28.000
Kellogg,2015-11-29 19:12:25.000
Kellogg,2015-12-29 04:56:03.000
Kellogg,2015-12-29 04:57:41.000
Kellogg,2016-01-28 02:27:35.000
Kellogg,2016-02-27 04:29:17.000
Kellogg,2016-03-27 09:46:53.000
Kellogg,2016-03-27 09:59:17.000
Kellogg,2016-04-25 04:56:55.000
Kellogg,2016-04-25 05:01:28.000
Kellogg,2016-05-24 22:23:01.000
Kellogg,2016-05-24 22:26:58.000
Kellogg,2016-06-22 11:56:09.000
Kellogg,2016-07-22 19:57:18.000
Kellogg,2016-07-22 20:03:41.000
Kellogg,2016-08-20 13:39:55.000
Kellogg,2016-09-18 04:21:36.000
Kellogg,2016-10-17 14:40:13.000
Kellogg,2016-10-17 14:44:26.000
Kellogg,2016-11-15 04:21:21.000
Kellogg,2016-12-15 20:36:03.000
Kimberly-Clark,2016-03-21 19:13:54.000
Kimberly-Clark,2016-04-19 18:38:35.000
Kimberly-Clark,2016-05-19 04:41:06.000
Kimberly-Clark,2016-06-17 02:07:07.000
Kimberly-Clark,2016-07-16 22:36:21.000
Kimberly-Clark,2016-07-16 22:53:50.000
Kimberly-Clark,2016-08-15 00:32:02.000
Kimberly-Clark,2016-08-15 00:32:04.000
Kimberly-Clark,2016-09-13 07:20:37.000
Kimberly-Clark,2016-09-13 07:39:47.000
Kimberly-Clark,2016-10-13 05:56:30.000
Kimberly-Clark,2016-10-13 06:16:07.000
Kimberly-Clark,2016-11-11 19:06:28.000
Kimberly-Clark,2016-12-10 18:00:23.000
Kinder Morgan,2013-12-30 04:30:03.000
Kinder Morgan,2013-12-30 04:40:17.000
Kinder Morgan,2014-01-29 12:53:18.000
Kinder Morgan,2014-01-29 13:01:34.000
Kinder Morgan,2014-02-27 17:34:34.000
Kinder Morgan,2014-03-29 10:41:40.000
Kinder Morgan,2014-03-29 10:59:55.000
Kinder Morgan,2014-04-27 21:20:37.000
Kinder Morgan,2014-05-27 11:39:48.000
Kinder Morgan,2014-05-27 11:54:35.000
Kinder Morgan,2014-06-25 22:08:31.000
Kinder Morgan,2014-07-25 05:44:57.000
Kinder Morgan,2014-08-24 15:28:37.000
Kinder Morgan,2014-09-22 04:33:33.000
Kinder Morgan,2014-09-22 04:43:32.000
Kinder Morgan,2014-10-21 08:10:41.000
Kinder Morgan,2014-11-20 22:44:35.000
Kinder Morgan,2014-12-19 03:00:12.000
Kinder Morgan,2015-01-18 03:01:39.000
Kinder Morgan,2015-01-18 03:12:42.000
Kinder Morgan,2015-02-16 08:58:42.000
Kinder Morgan,2015-03-18 01:46:27.000
Kinder Morgan,2015-04-17 07:53:31.000
Kinder Morgan,2015-05-16 07:17:15.000
Kohl's,2016-08-23 15:31:59.000
Kohl's,2016-08-23 15:35:21.000
Kohl's,2016-09-21 17:49:59.000
Kohl's,2016-09-21 18:16:12.000
Kohl's,2016-10-21 21:08:01.000
Kohl's,2016-11-20 05:16:09.000
Kohl's,2016-12-19 21:18:32.000
Kraft Heinz,2016-05-14 23:10:09.000
Kraft Heinz,2016-05-14 23:30:11.000
Kraft Heinz,2016-06-13 22:14:34.000
Kraft Heinz,2016-06-13 22:18:56.000
Kraft Heinz,2016-07-12 02:56:11.000
Kraft Heinz,2016-08-11 14:10:02.000
Kraft Heinz,2016-08-11 14:12:10.000
Kraft Heinz,2016-09-09 23:11:39.000
Kraft Heinz,2016-09-09 23:12:37.000
Kraft Heinz,2016-10-08 04:31:53.000
Kraft Heinz,2016-11-06 19:43:56.000
Kraft Heinz,2016-11-06 19:51:56.000
Kraft Heinz,2016-12-06 21:42:29.000
Kroger,2016-03-06 03:01:33.000
Kroger,2016-03-06 03:19:53.000
Kroger,2016-04-05 22:03:16.000
Kroger,2016-05-05 10:04:06.000
Kroger,2016-06-04 08:58:10.000
Kroger,2016-06-04 09:20:44.000
Kroger,2016-07-03 10:15:48.000
Kroger,2016-07-03 10:40:49.000
Kroger,2016-08-01 17:50:19.000
Kroger,2016-08-01 17:54:19.000
Kroger,2016-08-31 03:06:01.000
Kroger,2016-08-31 03:20:24.000
Kroger,2016-09-29 07:56:39.000
Kroger,2016-09-29 08:08:05.000
Kroger,2016-10-28 07:27:30.000
Kroger,2016-10-28 07:33:35.000
Kroger,2016-11-26 12:57:21.000
Kroger,2016-11-26 12:59:58.000
Kroger,2016-12-25 20:33:25.000
L Brands,2016-11-04 21:38:51.000
L Brands,2016-11-04 21:56:53.000
L Brands,2016-12-04 02:30:47.000
L Brands,2016-12-04 02:57:03.000
L-3 Communications,2016-06-25 21:57:45.000
L-3 Communications,2016-06-25 21:58:17.000
L-3 Communications,2016-07-25 22:44:12.000
L-3 Communications,2016-07-25 22:52:46.000
L-3 Communications,2016-08-23 08:07:12.000
L-3 Communications,2016-09-22 03:37:16.000
L-3 Communications,2016-10-22 22:59:18.000
L-3 Communications,2016-11-21 22:31:00.000
L-3 Communications,2016-11-21 22:33:49.000
L-3 Communications,2016-12-20 20:23:14.000
L-3 Communications,2016-12-20 20:33:08.000
Laboratory Corp. of America,2014-06-26 04:07:10.000
Laboratory Corp. of America,2014-06-26 04:12:30.000
Laboratory Corp. of America,2014-07-25 09:57:31.000
Laboratory Corp. of America,2014-08-23 18:41:10.000
Laboratory Corp. of America,2014-09-21 05:52:06.000
Laboratory Corp. of America,2014-09-21 06:09:41.000
Laboratory Corp. of America,2014-10-21 21:07:19.000
Laboratory Corp. of America,2014-11-20 11:51:18.000
Laboratory Corp. of America,2014-11-20 11:54:30.000
Laboratory Corp. of America,2014-12-20 12:10:28.000
Laboratory Corp. of America,2015-01-18 15:18:37.000
Laboratory Corp. of America,2015-02-17 19:31:25.000
Land O'Lakes,2013-12-08 20:13:49.000
Land O'Lakes,2013-12-08 20:37:53.000
Land O'Lakes,2014-01-06 14:28:25.000
Land O'Lakes,2014-01-06 14:31:19.000
Land O'Lakes,2014-02-04 16:23:31.000
Land O'Lakes,2014-03-05 13:30:35.000
Land O'Lakes,2014-03-05 13:40:51.000
Land O'Lakes,2014-04-04 11:20:43.000
Land O'Lakes,2014-04-04 11:26:59.000
Land O'Lakes,2014-05-04 03:59:48.000
Land O'Lakes,2014-06-02 17:55:58.000
Land O'Lakes,2014-07-01 04:38:43.000
Land O'Lakes,2014-07-01 04:47:10.000
Land O'Lakes,2014-07-30 18:51:30.000
Land O'Lakes,2014-08-28 13:13:59.000
Land O'Lakes,2014-08-28 13:32:18.000
Land O'Lakes,2014-09-27 16:36:17.000
Land O'Lakes,2014-10-26 08:33:05.000
Land O'Lakes,2014-11-24 01:32:45.000
Land O'Lakes,2014-12-24 01:12:36.000
Land O'Lakes,2014-12-24 01:20:00.000
Land O'Lakes,2015-01-23 11:05:50.000
Land O'Lakes,2015-01-23 11:10:09.000
Land O'Lakes,2015-02-21 04:37:24.000
Land O'Lakes,2015-02-21 04:52:10.000
Land O'Lakes,2015-03-22 13:23:31.000
Land O'Lakes,2015-04-21 16:24:47.000
Land O'Lakes,2015-05-21 23:05:56.000
Land O'Lakes,2015-06-20 09:29:56.000
Land O'Lakes,2015-07-19 06:23:56.000
Land O'Lakes,2015-07-19 06:46:46.000
Land O'Lakes,2015-08-17 20:37:16.000
Land O'Lakes,2015-09-16 15:42:31.000
Land O'Lakes,2015-10-16 08:21:26.000
Land O'Lakes,2015-10-16 08:22:10.000
Land O'Lakes,2015-11-15 19:27:55.000
Land O'Lakes,2015-12-14 05:28:56.000
Land O'Lakes,2015-12-14 05:39:05.000
Land O'Lakes,2016-01-13 18:01:50.000
Land O'Lakes,2016-02-12 22:33:47.000
Land O'Lakes,2016-03-13 09:33:18.000
Land O'Lakes,2016-04-11 21:15:30.000
Land O'Lakes,2016-04-11 21:24:03.000
Land O'Lakes,2016-05-10 04:44:14.000
Land O'Lakes,2016-06-08 20:09:10.000
Land O'Lakes,2016-07-08 11:28:43.000
Land O'Lakes,2016-07-08 11:31:00.000
Land O'Lakes,2016-08-07 23:55:25.000
Land O'Lakes,2016-08-08 00:02:50.000
Land O'Lakes,2016-09-06 07:30:13.000
Land O'Lakes,2016-09-06 07:33:07.000
Land O'Lakes,2016-10-05 12:55:21.000
Land O'Lakes,2016-10-05 13:03:56.000
Land O'Lakes,2016-11-03 20:12:52.000
Land O'Lakes,2016-11-03 20:21:16.000
Land O'Lakes,2016-12-02 21:33:37.000
Land O'Lakes,2016-12-02 21:35:39.000
Land O'Lakes,2017-01-01 11:37:25.000
Las Vegas Sands,2016-12-28 23:21:08.000
Lear,2013-12-25 04:33:01.000
Lear,2014-01-23 04:16:43.000
Lear,2014-02-21 11:00:41.000
Lear,2014-02-21 11:01:05.000
Lear,2014-03-23 19:16:08.000
Lear,2014-03-23 19:21:43.000
Lear,2014-04-21 10:53:59.000
Lear,2014-05-20 14:50:59.000
Lear,2014-05-20 14:51:54.000
Lear,2014-06-18 14:27:00.000
Lear,2014-06-18 14:37:59.000
Lear,2014-07-17 06:15:56.000
Lear,2014-07-17 06:17:18.000
Lear,2014-08-16 02:15:17.000
Lear,2014-09-14 12:59:08.000
Lear,2014-10-14 08:15:39.000
Lear,2014-11-12 14:06:09.000
Lear,2014-11-12 14:21:25.000
Lear,2014-12-11 21:01:18.000
Lear,2014-12-11 21:21:34.000
Lennar,2016-12-28 15:19:48.000
Leucadia National,2013-12-13 17:58:50.000
Leucadia National,2013-12-13 18:20:51.000
Leucadia National,2014-01-11 12:07:51.000
Leucadia National,2014-02-09 15:23:44.000
Leucadia National,2014-02-09 15:44:49.000
Leucadia National,2014-03-11 04:28:28.000
Leucadia National,2014-03-11 04:36:04.000
Leucadia National,2014-04-09 18:42:46.000
Leucadia National,2014-04-09 18:44:32.000
Leucadia National,2014-05-08 17:07:21.000
Leucadia National,2014-05-08 17:20:42.000
Leucadia National,2014-06-06 03:42:29.000
Leucadia National,2014-07-06 01:45:11.000
Leucadia National,2014-07-06 01:47:00.000
Leucadia National,2014-08-05 11:53:03.000
Leucadia National,2014-08-05 11:57:08.000
Leucadia National,2014-09-03 10:22:23.000
Leucadia National,2014-09-03 10:36:10.000
Leucadia National,2014-10-03 19:49:33.000
Leucadia National,2014-10-03 20:03:07.000
Leucadia National,2014-11-01 11:20:20.000
Leucadia National,2014-11-01 11:32:01.000
Leucadia National,2014-11-30 13:00:31.000
Leucadia National,2014-11-30 13:10:32.000
Leucadia National,2014-12-29 06:27:25.000
Leucadia National,2014-12-29 06:34:35.000
Leucadia National,2015-01-28 07:13:56.000
Leucadia National,2015-01-28 07:17:45.000
Leucadia National,2015-02-27 01:43:45.000
Leucadia National,2015-02-27 02:01:29.000
Leucadia National,2015-03-28 14:09:23.000
Leucadia National,2015-03-28 14:19:35.000
Leucadia National,2015-04-27 08:27:40.000
Leucadia National,2015-04-27 08:40:53.000
Leucadia National,2015-05-26 13:22:57.000
Leucadia National,2015-05-26 13:32:44.000
Leucadia National,2015-06-24 21:52:36.000
Leucadia National,2015-06-24 21:56:00.000
Leucadia National,2015-07-23 00:38:08.000
Leucadia National,2015-07-23 00:40:49.000
Leucadia National,2015-08-22 20:40:58.000
Leucadia National,2015-08-22 20:43:28.000
Leucadia National,2015-09-21 05:54:35.000
Leucadia National,2015-09-21 06:19:53.000
Leucadia National,2015-10-21 04:17:11.000
Leucadia National,2015-10-21 04:36:59.000
Leucadia National,2015-11-20 13:30:12.000
Leucadia National,2015-12-19 22:11:29.000
Leucadia National,2015-12-19 22:39:04.000
Leucadia National,2016-01-17 00:07:18.000
Leucadia National,2016-01-17 00:23:52.000
Leucadia National,2016-02-15 20:08:13.000
Leucadia National,2016-02-15 20:28:14.000
Leucadia National,2016-03-15 03:18:59.000
Leucadia National,2016-03-15 03:34:00.000
Leucadia National,2016-04-13 14:54:12.000
Leucadia National,2016-04-13 15:02:52.000
Leucadia National,2016-05-13 17:51:17.000
Leucadia National,2016-05-13 17:54:11.000
Leucadia National,2016-06-11 14:58:35.000
Leucadia National,2016-06-11 15:08:42.000
Leucadia National,2016-07-11 21:09:12.000
Leucadia National,2016-07-11 21:11:51.000
Leucadia National,2016-08-09 06:16:03.000
Leucadia National,2016-08-09 06:37:42.000
Leucadia National,2016-09-08 16:44:19.000
Leucadia National,2016-10-08 17:27:47.000
Leucadia National,2016-10-08 17:28:42.000
Leucadia National,2016-11-07 07:16:49.000
Leucadia National,2016-11-07 07:30:51.000
Leucadia National,2016-12-07 00:43:34.000
Level 3 Communications,2015-02-23 05:40:07.000
Liberty Interactive,2016-11-24 13:14:16.000
Liberty Interactive,2016-11-24 13:20:25.000
Liberty Interactive,2016-12-24 07:03:00.000
Liberty Interactive,2016-12-24 07:05:52.000
Liberty Mutual Insurance Group,2016-06-21 11:08:40.000
Liberty Mutual Insurance Group,2016-06-21 11:19:02.000
Liberty Mutual Insurance Group,2016-07-20 01:11:20.000
Liberty Mutual Insurance Group,2016-07-20 01:13:33.000
Lincoln National,2016-03-10 13:57:16.000
Lincoln National,2016-03-10 13:59:17.000
Lincoln National,2016-04-08 04:51:36.000
Lincoln National,2016-04-08 04:53:58.000
Lincoln National,2016-05-07 05:04:27.000
Lincoln National,2016-05-07 05:07:13.000
Lincoln National,2016-06-06 17:20:31.000
Lincoln National,2016-06-06 17:30:54.000
Lincoln National,2016-07-06 09:19:14.000
Lincoln National,2016-07-06 09:23:20.000
Lincoln National,2016-08-04 20:41:34.000
Lincoln National,2016-09-03 23:30:30.000
Lincoln National,2016-10-02 16:32:11.000
Lincoln National,2016-10-02 16:48:00.000
Lincoln National,2016-10-31 21:37:39.000
Lincoln National,2016-10-31 21:50:46.000
Lincoln National,2016-11-30 23:04:55.000
Lincoln National,2016-11-30 23:08:31.000
Lincoln National,2016-12-29 22:04:41.000
Lithia Motors,2013-12-09 22:19:26.000
Lithia Motors,2014-01-08 22:13:59.000
Lithia Motors,2014-02-07 19:04:18.000
Lithia Motors,2014-02-07 19:14:23.000
Lithia Motors,2014-03-09 07:10:22.000
Lithia Motors,2014-03-09 07:21:16.000
Lithia Motors,2014-04-07 03:03:23.000
Lithia Motors,2014-05-07 02:24:00.000
Lithia Motors,2014-05-07 02:35:15.000
Lithia Motors,2014-06-06 15:50:59.000
Lithia Motors,2014-07-05 13:33:48.000
Lithia Motors,2014-07-05 13:38:14.000
Lithia Motors,2014-08-03 19:04:31.000
Lithia Motors,2014-08-03 19:05:41.000
Lithia Motors,2014-09-01 09:26:36.000
Lithia Motors,2014-09-01 09:35:45.000
Lithia Motors,2014-09-30 22:18:41.000
Lithia Motors,2014-09-30 22:26:37.000
Lithia Motors,2014-10-30 12:48:07.000
Lithia Motors,2014-10-30 12:58:32.000
Lithia Motors,2014-11-29 21:16:47.000
Lithia Motors,2014-11-29 21:20:38.000
Lithia Motors,2014-12-28 03:21:49.000
Lithia Motors,2014-12-28 03:36:00.000
Lithia Motors,2015-01-27 17:42:20.000
Lithia Motors,2015-02-25 23:34:59.000
Lithia Motors,2015-03-27 23:34:53.000
Lithia Motors,2015-03-27 23:43:46.000
Lithia Motors,2015-04-26 17:39:08.000
Lithia Motors,2015-05-26 12:18:06.000
Lithia Motors,2015-06-24 18:26:31.000
Lithia Motors,2015-06-24 18:27:44.000
Lithia Motors,2015-07-23 22:01:14.000
Lithia Motors,2015-07-23 22:21:50.000
Lithia Motors,2015-08-22 06:03:46.000
Lithia Motors,2015-08-22 06:08:30.000
Lockheed Martin,2016-12-22 14:25:04.000
Loews,2016-12-04 12:07:57.000
Lowe's,2015-12-12 01:31:24.000
Lowe's,2016-01-10 19:43:49.000
Lowe's,2016-01-10 19:51:45.000
Lowe's,2016-02-09 21:44:06.000
Lowe's,2016-03-10 04:48:36.000
Lowe's,2016-03-10 04:48:57.000
Lowe's,2016-04-08 05:24:03.000
Lowe's,2016-04-08 05:25:30.000
Lowe's,2016-05-07 02:42:03.000
Lowe's,2016-06-05 16:53:24.000
Lowe's,2016-06-05 17:14:09.000
Lowe's,2016-07-04 05:04:33.000
Lowe's,2016-08-02 10:15:05.000
Lowe's,2016-08-31 18:58:42.000
Lowe's,2016-09-30 05:26:59.000
Lowe's,2016-10-29 20:32:52.000
Lowe's,2016-10-29 20:38:12.000
Lowe's,2016-11-27 12:27:13.000
Lowe's,2016-12-26 11:13:33.000
MGM Resorts International,2016-11-23 05:29:31.000
MGM Resorts International,2016-11-23 05:33:44.000
MGM Resorts International,2016-12-23 21:38:04.000
MGM Resorts International,2016-12-23 21:52:38.000
Macy's,2016-10-07 11:07:06.000
Macy's,2016-10-07 11:17:42.000
Macy's,2016-11-06 20:57:10.000
Macy's,2016-12-05 20:45:12.000
ManpowerGroup,2016-11-21 08:43:54.000
ManpowerGroup,2016-11-21 08:47:07.000
ManpowerGroup,2016-12-21 08:54:05.000
Marathon Petroleum,2013-12-30 21:42:43.000
Marathon Petroleum,2013-12-30 21:46:00.000
Marathon Petroleum,2014-01-29 21:07:42.000
Marathon Petroleum,2014-01-29 21:12:33.000
Marathon Petroleum,2014-02-28 19:57:27.000
Marathon Petroleum,2014-03-30 18:53:35.000
Marathon Petroleum,2014-03-30 18:54:59.000
Marathon Petroleum,2014-04-28 21:18:43.000
Marathon Petroleum,2014-04-28 21:36:45.000
Marathon Petroleum,2014-05-27 21:00:42.000
Marathon Petroleum,2014-05-27 21:12:34.000
Marathon Petroleum,2014-06-26 06:37:23.000
Marathon Petroleum,2014-06-26 06:59:52.000
Marathon Petroleum,2014-07-26 15:54:38.000
Marathon Petroleum,2014-07-26 16:13:33.000
Marathon Petroleum,2014-08-24 08:06:02.000
Marathon Petroleum,2014-09-23 13:11:39.000
Marathon Petroleum,2014-09-23 13:30:40.000
Marathon Petroleum,2014-10-23 20:52:01.000
Marathon Petroleum,2014-10-23 21:11:59.000
Marathon Petroleum,2014-11-21 10:06:43.000
Marathon Petroleum,2014-11-21 10:21:58.000
Marathon Petroleum,2014-12-20 01:53:20.000
Marathon Petroleum,2015-01-19 20:48:33.000
Marathon Petroleum,2015-02-18 17:21:17.000
Marathon Petroleum,2015-03-19 21:15:13.000
Marathon Petroleum,2015-04-17 18:12:50.000
Marathon Petroleum,2015-05-16 23:11:57.000
Marathon Petroleum,2015-06-15 10:40:08.000
Marathon Petroleum,2015-06-15 10:58:46.000
Marathon Petroleum,2015-07-14 03:28:12.000
Marathon Petroleum,2015-07-14 03:30:57.000
Marathon Petroleum,2015-08-13 10:23:01.000
Marathon Petroleum,2015-08-13 10:25:41.000
Marathon Petroleum,2015-09-11 15:02:08.000
Marathon Petroleum,2015-10-10 20:10:46.000
Marathon Petroleum,2015-10-10 20:11:19.000
Marathon Petroleum,2015-11-08 09:22:27.000
Marathon Petroleum,2015-11-08 09:35:32.000
Marathon Petroleum,2015-12-08 21:02:23.000
Marathon Petroleum,2015-12-08 21:13:52.000
Marathon Petroleum,2016-01-06 08:46:15.000
Marathon Petroleum,2016-01-06 08:46:33.000
Marathon Petroleum,2016-02-04 02:37:12.000
Marathon Petroleum,2016-02-04 02:39:24.000
Marathon Petroleum,2016-03-05 23:01:52.000
Marathon Petroleum,2016-04-04 04:56:47.000
Marathon Petroleum,2016-05-03 23:56:31.000
Marathon Petroleum,2016-05-04 00:08:19.000
Marathon Petroleum,2016-06-02 03:57:35.000
Marathon Petroleum,2016-06-02 04:06:26.000
Marathon Petroleum,2016-07-02 10:08:17.000
Marathon Petroleum,2016-08-01 23:45:26.000
Marathon Petroleum,2016-08-02 00:01:00.000
Marathon Petroleum,2016-08-31 20:57:59.000
Marathon Petroleum,2016-08-31 21:19:39.000
Marathon Petroleum,2016-09-30 19:36:42.000
Marathon Petroleum,2016-09-30 19:50:54.000
Marathon Petroleum,2016-10-29 22:31:51.000
Marathon Petroleum,2016-11-28 12:52:16.000
Marathon Petroleum,2016-12-28 04:12:46.000
Marathon Petroleum,2016-12-28 04:34:58.000
Marriott International,2016-12-28 07:39:53.000
Marriott International,2016-12-28 07:45:50.000
Marsh & McLennan,2016-11-29 21:04:23.000
Marsh & McLennan,2016-11-29 21:16:46.000
Marsh & McLennan,2016-12-29 11:43:55.000
Marsh & McLennan,2016-12-29 11:51:32.000
Masco,2015-12-31 09:07:46.000
Masco,2015-12-31 09:14:45.000
Masco,2016-01-30 11:28:21.000
Masco,2016-02-29 03:15:44.000
Masco,2016-03-29 02:32:26.000
Masco,2016-04-27 07:04:45.000
Masco,2016-05-27 19:00:17.000
Masco,2016-06-25 18:59:21.000
Masco,2016-06-25 19:17:50.000
Masco,2016-07-24 02:08:14.000
Masco,2016-08-23 16:26:39.000
Masco,2016-09-22 00:55:32.000
Masco,2016-10-22 19:21:01.000
Masco,2016-11-20 18:50:35.000
Masco,2016-12-20 15:20:48.000
Masco,2016-12-20 15:24:43.000
Massachusetts Mutual Life Insurance,2013-12-12 17:49:47.000
Massachusetts Mutual Life Insurance,2014-01-10 01:18:15.000
Massachusetts Mutual Life Insurance,2014-02-09 16:19:21.000
Massachusetts Mutual Life Insurance,2014-02-09 16:35:31.000
Massachusetts Mutual Life Insurance,2014-04-09 20:57:49.000
Massachusetts Mutual Life Insurance,2014-05-09 09:09:45.000
MasterCard,2016-11-03 15:41:01.000
MasterCard,2016-11-03 15:47:34.000
MasterCard,2016-12-03 11:32:39.000
McDonald's,2013-12-11 16:34:12.000
McDonald's,2014-01-09 11:47:15.000
McDonald's,2014-01-09 11:50:24.000
McDonald's,2014-02-07 06:09:30.000
McDonald's,2014-02-07 06:21:43.000
McDonald's,2014-03-08 21:12:19.000
McDonald's,2014-03-08 21:21:21.000
McDonald's,2014-04-07 07:28:07.000
McDonald's,2014-04-07 07:33:56.000
McDonald's,2014-05-07 07:19:00.000
McDonald's,2014-05-07 07:22:22.000
McDonald's,2014-06-06 16:30:22.000
McDonald's,2014-06-06 16:55:16.000
McKesson,2016-10-14 23:48:46.000
McKesson,2016-10-14 23:54:21.000
McKesson,2016-11-13 09:45:21.000
McKesson,2016-11-13 10:11:52.000
McKesson,2016-12-12 07:50:01.000
Merck,2015-07-10 04:53:09.000
Merck,2015-08-08 02:33:38.000
Merck,2015-09-06 02:06:35.000
Merck,2015-09-06 02:09:46.000
Merck,2015-10-05 12:26:49.000
Merck,2015-11-04 11:03:29.000
Merck,2015-11-04 11:28:04.000
Merck,2015-12-04 02:22:14.000
Merck,2015-12-04 02:33:46.000
Merck,2016-01-02 20:45:55.000
Merck,2016-02-01 07:56:35.000
Merck,2016-02-01 08:21:21.000
Merck,2016-03-01 17:13:01.000
Merck,2016-03-01 17:19:23.000
Merck,2016-03-31 16:30:43.000
Merck,2016-04-29 04:52:46.000
Merck,2016-05-29 00:11:40.000
Merck,2016-05-29 00:16:14.000
Merck,2016-06-26 12:08:38.000
Merck,2016-07-26 00:38:01.000
Merck,2016-07-26 00:54:03.000
Merck,2016-08-24 11:00:40.000
Merck,2016-08-24 11:21:57.000
Merck,2016-09-22 08:29:03.000
Merck,2016-10-21 16:07:45.000
Merck,2016-11-19 07:32:45.000
Merck,2016-12-18 05:30:25.000
MetLife,2016-10-07 20:08:21.000
MetLife,2016-11-05 09:48:41.000
MetLife,2016-12-04 00:48:13.000
Micron Technology,2016-11-15 22:57:06.000
Micron Technology,2016-12-15 12:15:17.000
Microsoft,2016-06-14 11:08:12.000
Microsoft,2016-06-14 11:18:07.000
Microsoft,2016-07-13 13:09:16.000
Microsoft,2016-07-13 13:16:49.000
Microsoft,2016-08-11 02:41:45.000
Microsoft,2016-08-11 03:05:38.000
Microsoft,2016-09-09 18:13:45.000
Microsoft,2016-09-09 18:18:08.000
Microsoft,2016-10-08 11:09:21.000
Microsoft,2016-10-08 11:12:15.000
Microsoft,2016-11-07 06:24:11.000
Microsoft,2016-11-07 06:31:20.000
Microsoft,2016-12-06 15:03:16.000
Mohawk Industries,2016-12-16 17:08:09.000
Molina Healthcare,2016-01-21 21:11:32.000
Molina Healthcare,2016-01-21 21:17:32.000
Molina Healthcare,2016-02-20 18:59:01.000
Molina Healthcare,2016-02-20 19:05:40.000
Molina Healthcare,2016-03-21 21:31:27.000
Molina Healthcare,2016-03-21 21:44:06.000
Molina Healthcare,2016-04-20 04:09:55.000
Molina Healthcare,2016-05-20 01:10:44.000
Molina Healthcare,2016-05-20 01:29:13.000
Molina Healthcare,2016-06-18 17:09:20.000
Molina Healthcare,2016-07-17 23:07:34.000
Molina Healthcare,2016-07-17 23:11:32.000
Molina Healthcare,2016-08-15 10:28:35.000
Molina Healthcare,2016-09-14 05:44:07.000
Molina Healthcare,2016-09-14 05:53:25.000
Molina Healthcare,2016-10-13 20:26:35.000
Molina Healthcare,2016-11-11 03:31:36.000
Molina Healthcare,2016-12-10 05:04:12.000
Mondelez International,2016-07-30 22:29:57.000
Mondelez International,2016-08-28 12:35:04.000
Mondelez International,2016-08-28 12:38:56.000
Mondelez International,2016-09-26 09:39:14.000
Mondelez International,2016-10-25 09:33:41.000
Mondelez International,2016-11-24 18:04:46.000
Mondelez International,2016-11-24 18:08:16.000
Mondelez International,2016-12-24 19:29:25.000
Mondelez International,2016-12-24 19:30:13.000
Monsanto,2013-12-22 07:29:58.000
Monsanto,2013-12-22 07:35:42.000
Monsanto,2014-01-21 10:26:38.000
Monsanto,2014-02-20 18:10:10.000
Monsanto,2014-03-21 07:34:17.000
Monsanto,2014-03-21 08:02:12.000
Monsanto,2014-04-19 21:41:42.000
Monsanto,2014-05-19 05:52:30.000
Monsanto,2014-05-19 06:10:59.000
Monsanto,2014-06-18 17:31:16.000
Monsanto,2014-07-18 16:52:43.000
Monsanto,2014-07-18 16:54:39.000
Monsanto,2014-08-16 20:38:12.000
Monsanto,2014-08-16 20:42:31.000
Monsanto,2014-09-14 00:58:56.000
Monsanto,2014-10-14 12:42:57.000
Monsanto,2014-10-14 13:04:36.000
Monsanto,2014-11-12 19:44:47.000
Monsanto,2014-12-11 17:41:56.000
Monsanto,2014-12-11 17:46:29.000
Monsanto,2015-01-10 16:29:42.000
Monsanto,2015-01-10 16:36:54.000
Monsanto,2015-02-09 19:19:23.000
Monsanto,2015-02-09 19:22:45.000
Monsanto,2015-03-11 08:21:18.000
Monsanto,2015-04-09 09:28:37.000
Monsanto,2015-04-09 09:28:44.000
Monsanto,2015-05-09 17:13:26.000
Monsanto,2015-05-09 17:26:15.000
Monsanto,2015-06-07 06:20:50.000
Monsanto,2015-07-06 07:44:15.000
Monsanto,2015-07-06 07:58:54.000
Monsanto,2015-08-05 11:52:43.000
Monsanto,2015-09-04 01:17:37.000
Monsanto,2015-10-03 22:49:32.000
Monsanto,2015-11-02 23:52:33.000
Monsanto,2015-11-03 00:08:26.000
Monsanto,2015-12-02 11:37:22.000
Monsanto,2016-01-01 05:56:13.000
Monsanto,2016-01-01 06:01:32.000
Monsanto,2016-01-30 16:52:17.000
Monsanto,2016-01-30 16:55:46.000
Monsanto,2016-02-28 22:11:19.000
Monsanto,2016-02-28 22:15:51.000
Monsanto,2016-03-28 16:06:22.000
Monsanto,2016-04-27 16:31:48.000
Monsanto,2016-04-27 16:54:11.000
Monsanto,2016-05-27 11:46:15.000
Monsanto,2016-06-25 02:10:04.000
Monsanto,2016-07-25 21:55:22.000
Monsanto,2016-08-23 11:05:35.000
Monsanto,2016-09-22 14:53:25.000
Monsanto,2016-10-22 09:00:04.000
Monsanto,2016-10-22 09:17:30.000
Monsanto,2016-11-21 14:47:18.000
Monsanto,2016-12-20 20:03:14.000
Monsanto,2016-12-20 20:13:47.000
Morgan Stanley,2016-08-18 05:47:46.000
Morgan Stanley,2016-08-18 06:14:45.000
Morgan Stanley,2016-09-17 05:08:20.000
Morgan Stanley,2016-09-17 05:18:41.000
Morgan Stanley,2016-10-17 22:50:01.000
Morgan Stanley,2016-11-16 19:29:25.000
Morgan Stanley,2016-11-16 19:51:44.000
Morgan Stanley,2016-12-15 08:45:50.000
Morgan Stanley,2016-12-15 08:48:00.000
Mosaic,2013-12-22 11:24:55.000
Mosaic,2013-12-22 11:29:05.000
Mosaic,2014-02-18 03:13:54.000
Mosaic,2014-02-18 03:15:26.000
Mosaic,2014-03-20 04:40:46.000
Mosaic,2014-03-20 04:44:48.000
Mosaic,2014-04-18 16:33:03.000
Mosaic,2014-05-17 03:21:52.000
Mosaic,2014-05-17 03:42:19.000
Mosaic,2014-06-16 07:43:59.000
Mosaic,2014-06-16 07:46:35.000
Mosaic,2014-07-15 11:39:40.000
Mosaic,2014-07-15 11:47:54.000
Mosaic,2014-08-14 11:42:00.000
Mosaic,2014-08-14 12:09:15.000
Mosaic,2014-09-12 10:50:10.000
Mosaic,2014-09-12 10:52:56.000
Mosaic,2014-10-12 14:55:48.000
Mosaic,2014-10-12 15:00:04.000
Mosaic,2014-11-11 06:06:16.000
Mosaic,2014-11-11 06:12:39.000
Mosaic,2014-12-10 14:56:46.000
Mosaic,2015-01-08 22:08:36.000
Mosaic,2015-01-08 22:11:33.000
Mosaic,2015-02-07 18:18:08.000
Mosaic,2015-02-07 18:25:28.000
Mosaic,2015-03-08 06:29:58.000
Mosaic,2015-04-06 01:45:07.000
Mosaic,2015-04-06 01:52:24.000
Mosaic,2015-05-05 21:25:48.000
Mosaic,2015-06-04 18:17:26.000
Mosaic,2015-06-04 18:33:47.000
Mosaic,2015-07-04 21:59:49.000
Mosaic,2015-07-04 22:02:04.000
Mosaic,2015-08-02 16:44:40.000
Mosaic,2015-08-02 17:03:34.000
Mosaic,2015-09-01 12:21:16.000
Mosaic,2015-10-01 05:25:56.000
Mosaic,2015-10-01 05:48:33.000
Mosaic,2015-10-30 16:49:37.000
Mosaic,2015-11-29 05:34:36.000
Mosaic,2015-11-29 05:38:23.000
Mosaic,2015-12-28 09:45:47.000
Mosaic,2015-12-28 09:51:14.000
Mosaic,2016-01-28 00:05:38.000
Mosaic,2016-01-28 00:20:30.000
Mosaic,2016-02-25 09:42:07.000
Mosaic,2016-02-25 09:53:57.000
Mosaic,2016-03-26 18:21:34.000
Mosaic,2016-03-26 18:26:34.000
Mosaic,2016-04-25 08:17:17.000
Mosaic,2016-05-24 04:20:44.000
Mosaic,2016-05-24 04:27:52.000
Mosaic,2016-06-23 11:33:54.000
Mosaic,2016-06-23 11:36:17.000
Mosaic,2016-07-22 21:39:17.000
Mosaic,2016-07-22 21:40:36.000
Mosaic,2016-08-20 09:56:58.000
Mosaic,2016-08-20 10:03:51.000
Mosaic,2016-09-19 03:20:11.000
Mosaic,2016-10-19 18:03:22.000
Mosaic,2016-10-19 18:03:43.000
Mosaic,2016-11-18 00:43:28.000
Mosaic,2016-11-18 00:46:41.000
Mosaic,2016-12-18 18:23:39.000
Mosaic,2016-12-18 18:47:06.000
Murphy USA,2016-06-21 20:49:59.000
Murphy USA,2016-06-21 21:05:18.000
Murphy USA,2016-07-21 08:01:13.000
Murphy USA,2016-07-21 08:08:55.000
Murphy USA,2016-08-19 07:01:46.000
Murphy USA,2016-08-19 07:02:05.000
Murphy USA,2016-09-18 15:29:12.000
Murphy USA,2016-09-18 15:30:41.000
Murphy USA,2016-10-17 21:12:45.000
Murphy USA,2016-11-16 11:59:15.000
Murphy USA,2016-12-16 09:08:31.000
Murphy USA,2016-12-16 09:12:52.000
NGL Energy Partners,2016-06-02 04:47:26.000
NGL Energy Partners,2016-07-02 22:53:59.000
NGL Energy Partners,2016-07-31 10:47:58.000
NGL Energy Partners,2016-08-30 11:37:53.000
NGL Energy Partners,2016-08-30 11:40:36.000
NGL Energy Partners,2016-09-28 20:42:26.000
NGL Energy Partners,2016-09-28 20:45:17.000
NGL Energy Partners,2016-10-27 16:41:22.000
NGL Energy Partners,2016-10-27 17:04:09.000
NGL Energy Partners,2016-11-25 02:16:55.000
NGL Energy Partners,2016-11-25 02:34:00.000
NGL Energy Partners,2016-12-24 06:46:49.000
NRG Energy,2016-03-22 18:34:03.000
NRG Energy,2016-03-22 18:45:12.000
NRG Energy,2016-04-21 16:15:26.000
NRG Energy,2016-04-21 16:17:46.000
NRG Energy,2016-06-20 16:46:06.000
NRG Energy,2016-06-20 17:12:17.000
NRG Energy,2016-07-19 10:20:54.000
NRG Energy,2016-07-19 10:22:14.000
NRG Energy,2016-08-17 20:06:47.000
NRG Energy,2016-09-16 12:44:55.000
NRG Energy,2016-09-16 13:02:24.000
NRG Energy,2016-10-16 16:07:21.000
NRG Energy,2016-10-16 16:25:40.000
NRG Energy,2016-11-15 14:26:00.000
NRG Energy,2016-11-15 14:28:28.000
NRG Energy,2016-12-14 02:55:32.000
National Oilwell Varco,2015-12-10 14:00:29.000
National Oilwell Varco,2015-12-10 14:12:40.000
National Oilwell Varco,2016-01-09 15:21:12.000
National Oilwell Varco,2016-01-09 15:39:15.000
National Oilwell Varco,2016-02-08 12:39:19.000
National Oilwell Varco,2016-03-09 01:08:04.000
National Oilwell Varco,2016-03-09 01:32:18.000
National Oilwell Varco,2016-04-08 20:52:07.000
National Oilwell Varco,2016-04-08 21:05:12.000
National Oilwell Varco,2016-05-07 04:06:41.000
National Oilwell Varco,2016-05-07 04:23:22.000
National Oilwell Varco,2016-06-05 13:24:00.000
National Oilwell Varco,2016-06-05 13:39:30.000
National Oilwell Varco,2016-07-04 21:40:44.000
National Oilwell Varco,2016-07-04 21:51:56.000
National Oilwell Varco,2016-08-03 22:48:27.000
National Oilwell Varco,2016-08-03 23:04:00.000
National Oilwell Varco,2016-09-01 21:29:34.000
National Oilwell Varco,2016-09-01 21:38:34.000
National Oilwell Varco,2016-10-01 07:39:58.000
National Oilwell Varco,2016-10-01 07:58:06.000
National Oilwell Varco,2016-10-30 22:27:57.000
National Oilwell Varco,2016-10-30 22:35:00.000
National Oilwell Varco,2016-11-29 19:36:03.000
National Oilwell Varco,2016-11-29 19:44:58.000
National Oilwell Varco,2016-12-29 05:03:14.000
National Oilwell Varco,2016-12-29 05:05:04.000
Nationwide,2016-03-18 05:39:20.000
Nationwide,2016-04-17 23:02:12.000
Nationwide,2016-04-17 23:03:17.000
Nationwide,2016-05-16 21:55:26.000
Nationwide,2016-05-16 22:14:15.000
Nationwide,2016-06-15 10:50:57.000
Nationwide,2016-07-15 14:10:24.000
Nationwide,2016-08-13 13:44:16.000
Nationwide,2016-08-13 13:48:48.000
Nationwide,2016-09-11 08:17:46.000
Nationwide,2016-09-11 08:43:05.000
Nationwide,2016-10-11 23:55:45.000
Nationwide,2016-10-12 00:09:16.000
Nationwide,2016-11-09 06:19:22.000
Nationwide,2016-11-09 06:38:29.000
Nationwide,2016-12-08 04:41:02.000
Nationwide,2016-12-08 04:46:41.000
Navistar International,2016-07-10 20:54:59.000
Navistar International,2016-07-10 20:56:38.000
Navistar International,2016-08-09 11:35:05.000
Navistar International,2016-09-08 12:42:28.000
Navistar International,2016-09-08 12:54:39.000
Navistar International,2016-10-08 07:17:21.000
Navistar International,2016-10-08 07:22:23.000
Navistar International,2016-11-06 06:19:00.000
Navistar International,2016-11-06 06:26:46.000
Navistar International,2016-12-06 04:23:00.000
New York Life Insurance,2013-12-14 09:19:37.000
New York Life Insurance,2014-01-12 19:58:30.000
New York Life Insurance,2014-02-11 17:09:54.000
New York Life Insurance,2014-02-11 17:13:04.000
New York Life Insurance,2014-03-13 22:01:43.000
New York Life Insurance,2014-03-13 22:04:04.000
New York Life Insurance,2014-04-11 00:37:03.000
New York Life Insurance,2014-04-11 00:47:42.000
New York Life Insurance,2014-05-10 11:26:45.000
New York Life Insurance,2014-06-09 00:59:52.000
New York Life Insurance,2014-06-09 01:01:47.000
New York Life Insurance,2014-07-08 17:59:19.000
New York Life Insurance,2014-08-07 14:23:16.000
New York Life Insurance,2014-08-07 14:24:28.000
New York Life Insurance,2014-09-05 22:07:19.000
New York Life Insurance,2014-10-04 13:09:39.000
New York Life Insurance,2014-11-02 05:33:19.000
New York Life Insurance,2014-12-02 12:06:21.000
New York Life Insurance,2015-01-01 11:17:47.000
New York Life Insurance,2015-01-31 23:55:02.000
New York Life Insurance,2015-01-31 23:58:30.000
New York Life Insurance,2015-03-01 18:00:07.000
New York Life Insurance,2015-03-01 18:04:25.000
New York Life Insurance,2015-03-31 18:50:00.000
New York Life Insurance,2015-04-30 11:25:52.000
New York Life Insurance,2015-04-30 11:47:15.000
New York Life Insurance,2015-05-29 14:03:30.000
New York Life Insurance,2015-06-27 22:36:49.000
New York Life Insurance,2015-06-27 22:49:04.000
New York Life Insurance,2015-07-27 23:43:27.000
New York Life Insurance,2015-08-25 17:01:44.000
New York Life Insurance,2015-09-23 05:18:36.000
New York Life Insurance,2015-10-22 01:25:04.000
New York Life Insurance,2015-11-20 19:00:23.000
New York Life Insurance,2015-11-20 19:11:20.000
New York Life Insurance,2015-12-19 21:29:20.000
New York Life Insurance,2015-12-19 21:46:11.000
New York Life Insurance,2016-01-17 22:42:49.000
New York Life Insurance,2016-01-17 22:59:01.000
New York Life Insurance,2016-02-16 22:17:30.000
New York Life Insurance,2016-03-16 19:33:35.000
New York Life Insurance,2016-03-16 19:40:45.000
New York Life Insurance,2016-04-14 18:39:49.000
New York Life Insurance,2016-05-13 12:57:55.000
New York Life Insurance,2016-05-13 13:04:28.000
New York Life Insurance,2016-06-12 12:58:55.000
New York Life Insurance,2016-06-12 13:16:44.000
New York Life Insurance,2016-07-12 06:23:46.000
New York Life Insurance,2016-07-12 06:32:42.000
New York Life Insurance,2016-08-11 19:42:19.000
New York Life Insurance,2016-08-11 19:52:35.000
New York Life Insurance,2016-09-09 17:00:39.000
New York Life Insurance,2016-09-09 17:22:56.000
New York Life Insurance,2016-10-09 11:00:16.000
New York Life Insurance,2016-11-07 12:07:40.000
New York Life Insurance,2016-12-06 13:14:16.000
Newmont Mining,2016-10-08 07:36:28.000
Newmont Mining,2016-10-08 07:38:46.000
Newmont Mining,2016-11-07 12:54:03.000
Newmont Mining,2016-11-07 13:03:29.000
Newmont Mining,2016-12-06 03:07:31.000
News Corp.,2016-08-04 10:38:17.000
News Corp.,2016-08-04 10:43:50.000
News Corp.,2016-09-03 20:55:33.000
News Corp.,2016-09-03 21:01:36.000
News Corp.,2016-10-03 07:39:54.000
News Corp.,2016-10-03 07:51:37.000
News Corp.,2016-11-02 21:45:16.000
News Corp.,2016-12-02 12:53:42.000
News Corp.,2016-12-02 12:54:26.000
News Corp.,2016-12-31 11:36:03.000
NextEra Energy,2016-10-15 15:47:30.000
NextEra Energy,2016-10-15 15:50:37.000
NextEra Energy,2016-11-14 05:53:04.000
NextEra Energy,2016-11-14 05:57:38.000
NextEra Energy,2016-12-14 04:09:28.000
Nike,2016-11-10 20:04:16.000
Nordstrom,2016-08-13 09:01:19.000
Nordstrom,2016-08-13 09:09:16.000
Nordstrom,2016-09-11 09:49:57.000
Nordstrom,2016-09-11 10:10:48.000
Nordstrom,2016-10-10 23:09:46.000
Nordstrom,2016-10-10 23:26:10.000
Nordstrom,2016-11-08 23:00:37.000
Nordstrom,2016-12-07 12:06:01.000
Norfolk Southern,2016-06-19 19:41:26.000
Norfolk Southern,2016-07-19 07:41:55.000
Norfolk Southern,2016-08-18 09:04:51.000
Norfolk Southern,2016-09-17 06:59:21.000
Norfolk Southern,2016-10-16 15:46:57.000
Norfolk Southern,2016-10-16 16:13:22.000
Norfolk Southern,2016-11-15 11:24:09.000
Norfolk Southern,2016-12-14 19:15:59.000
Norfolk Southern,2016-12-14 19:20:55.000
Northrop Grumman,2016-06-18 08:24:23.000
Northrop Grumman,2016-06-18 08:31:52.000
Northrop Grumman,2016-07-18 06:30:31.000
Northrop Grumman,2016-07-18 06:35:41.000
Northrop Grumman,2016-08-17 01:36:28.000
Northrop Grumman,2016-08-17 01:45:42.000
Northrop Grumman,2016-09-15 06:50:10.000
Northrop Grumman,2016-09-15 06:53:32.000
Northrop Grumman,2016-10-14 04:16:55.000
Northrop Grumman,2016-10-14 04:24:35.000
Northrop Grumman,2016-11-12 11:52:09.000
Northrop Grumman,2016-11-12 11:56:43.000
Northwestern Mutual,2016-10-09 17:41:50.000
Northwestern Mutual,2016-10-09 18:04:40.000
Northwestern Mutual,2016-11-07 16:58:34.000
Northwestern Mutual,2016-11-07 17:03:33.000
Northwestern Mutual,2016-12-06 11:46:07.000
Northwestern Mutual,2016-12-06 11:59:27.000
Nucor,2015-08-12 23:37:33.000
Nucor,2015-09-11 11:44:05.000
Nucor,2015-10-10 20:11:01.000
Nucor,2015-11-09 13:51:24.000
Nucor,2015-11-09 14:15:30.000
Nucor,2015-12-09 16:42:17.000
Nucor,2016-01-07 12:13:27.000
Nucor,2016-01-07 12:31:55.000
Nucor,2016-02-06 02:53:05.000
Nucor,2016-02-06 02:55:45.000
Nucor,2016-03-07 08:24:22.000
Nucor,2016-03-07 08:32:45.000
Nucor,2016-04-05 06:39:33.000
Nucor,2016-05-05 15:47:02.000
Nucor,2016-06-03 18:56:39.000
Nucor,2016-06-03 19:08:08.000
Nucor,2016-07-03 03:46:55.000
Nucor,2016-07-03 03:48:56.000
Nucor,2016-08-01 08:33:37.000
Nucor,2016-08-30 06:46:54.000
Nucor,2016-08-30 06:52:58.000
Nucor,2016-09-29 00:14:29.000
Nucor,2016-09-29 00:28:00.000
Nucor,2016-10-29 14:59:54.000
Nucor,2016-10-29 15:08:20.000
Nucor,2016-11-28 01:38:17.000
Nucor,2016-11-28 02:00:31.000
Nucor,2016-12-28 02:26:28.000
Nucor,2016-12-28 02:45:22.000
O'Reilly Automotive,2015-02-13 09:08:36.000
O'Reilly Automotive,2015-03-14 04:43:07.000
O'Reilly Automotive,2015-03-14 04:44:59.000
Occidental Petroleum,2015-10-02 05:39:48.000
Occidental Petroleum,2015-10-02 05:55:33.000
Occidental Petroleum,2015-11-01 12:14:29.000
Occidental Petroleum,2015-11-01 12:28:47.000
Occidental Petroleum,2015-11-30 21:49:12.000
Occidental Petroleum,2015-12-30 20:04:55.000
Occidental Petroleum,2016-01-28 14:14:34.000
Occidental Petroleum,2016-01-28 14:15:14.000
Occidental Petroleum,2016-02-26 18:15:21.000
Occidental Petroleum,2016-03-27 17:14:10.000
Occidental Petroleum,2016-03-27 17:31:19.000
Occidental Petroleum,2016-04-25 22:35:34.000
Occidental Petroleum,2016-05-24 12:39:32.000
Occidental Petroleum,2016-05-24 12:40:55.000
Occidental Petroleum,2016-06-23 23:22:09.000
Occidental Petroleum,2016-07-23 08:48:06.000
Occidental Petroleum,2016-07-23 08:50:54.000
Occidental Petroleum,2016-08-21 05:54:43.000
Occidental Petroleum,2016-09-19 19:13:35.000
Occidental Petroleum,2016-10-19 11:34:21.000
Occidental Petroleum,2016-11-17 21:39:37.000
Occidental Petroleum,2016-11-17 21:43:42.000
Occidental Petroleum,2016-12-17 06:07:58.000
Occidental Petroleum,2016-12-17 06:10:01.000
Office Depot,2015-12-22 23:07:11.000
Office Depot,2016-01-20 08:33:52.000
Office Depot,2016-01-20 08:37:47.000
Office Depot,2016-02-18 07:36:04.000
Office Depot,2016-03-19 22:05:49.000
Office Depot,2016-03-19 22:08:43.000
Office Depot,2016-04-17 01:25:56.000
Office Depot,2016-05-16 21:09:06.000
Office Depot,2016-05-16 21:14:43.000
Office Depot,2016-06-15 10:38:04.000
Office Depot,2016-07-15 00:26:56.000
Office Depot,2016-08-14 23:56:09.000
Office Depot,2016-08-15 00:06:12.000
Office Depot,2016-09-13 17:04:44.000
Office Depot,2016-10-12 23:12:06.000
Office Depot,2016-10-12 23:13:24.000
Office Depot,2016-11-10 11:38:28.000
Office Depot,2016-12-10 15:01:41.000
Office Depot,2016-12-10 15:13:44.000
Omnicom Group,2015-12-08 06:31:34.000
Omnicom Group,2015-12-08 06:33:28.000
Omnicom Group,2016-01-06 00:10:20.000
Omnicom Group,2016-02-05 18:59:29.000
Omnicom Group,2016-02-05 19:22:34.000
Omnicom Group,2016-03-05 10:02:21.000
Omnicom Group,2016-04-03 14:49:35.000
Omnicom Group,2016-04-03 14:50:34.000
Omnicom Group,2016-05-02 12:35:44.000
Omnicom Group,2016-05-31 07:24:24.000
Omnicom Group,2016-06-30 03:47:23.000
Omnicom Group,2016-06-30 03:49:32.000
Omnicom Group,2016-07-29 04:33:36.000
Omnicom Group,2016-08-28 12:23:16.000
Omnicom Group,2016-09-26 11:48:51.000
Omnicom Group,2016-10-26 07:25:41.000
Omnicom Group,2016-10-26 07:27:27.000
Omnicom Group,2016-11-25 02:10:41.000
Omnicom Group,2016-11-25 02:26:18.000
Omnicom Group,2016-12-24 09:51:57.000
Oneok,2016-12-05 04:59:53.000
Oneok,2016-12-05 05:10:54.000
Oracle,2016-10-05 03:02:26.000
Oracle,2016-10-05 03:22:55.000
Oracle,2016-11-03 06:09:53.000
Oracle,2016-11-03 06:32:18.000
Oracle,2016-12-03 03:23:53.000
Oracle,2016-12-03 03:24:49.000
Oracle,2017-01-01 17:34:10.000
Owens & Minor,2016-07-06 12:56:48.000
Owens & Minor,2016-07-06 13:13:46.000
Owens & Minor,2016-08-05 01:49:28.000
Owens & Minor,2016-08-05 02:00:43.000
Owens & Minor,2016-09-03 04:00:32.000
Owens & Minor,2016-10-03 20:00:17.000
Owens & Minor,2016-10-03 20:06:50.000
Owens & Minor,2016-11-02 05:50:38.000
Owens & Minor,2017-01-01 11:30:00.000
Owens & Minor,2017-01-01 11:31:53.000
PBF Energy,2015-09-18 11:04:54.000
PBF Energy,2015-09-18 11:17:26.000
PBF Energy,2015-10-17 13:29:27.000
PBF Energy,2015-10-17 13:31:25.000
PBF Energy,2015-11-15 21:51:15.000
PBF Energy,2015-11-15 21:57:22.000
PBF Energy,2015-12-15 04:57:26.000
PBF Energy,2016-01-13 06:46:22.000
PBF Energy,2016-02-11 13:25:04.000
PBF Energy,2016-03-12 05:26:00.000
PBF Energy,2016-04-11 12:48:33.000
PBF Energy,2016-05-11 02:54:48.000
PBF Energy,2016-06-10 13:15:57.000
PBF Energy,2016-07-10 15:44:16.000
PBF Energy,2016-08-09 06:56:51.000
PBF Energy,2016-09-08 12:27:00.000
PG&E Corp.,2016-04-21 12:19:42.000
PG&E Corp.,2016-04-21 12:26:18.000
PG&E Corp.,2016-05-21 12:10:08.000
PG&E Corp.,2016-05-21 12:15:06.000
PG&E Corp.,2016-06-19 14:09:34.000
PG&E Corp.,2016-06-19 14:21:03.000
PG&E Corp.,2016-07-19 19:19:37.000
PG&E Corp.,2016-07-19 19:26:14.000
PG&E Corp.,2016-08-17 04:54:51.000
PG&E Corp.,2016-08-17 05:02:44.000
PG&E Corp.,2016-09-16 17:04:58.000
PG&E Corp.,2016-09-16 17:12:39.000
PG&E Corp.,2016-10-15 02:34:22.000
PG&E Corp.,2016-10-15 02:47:04.000
PG&E Corp.,2016-11-13 19:00:33.000
PG&E Corp.,2016-11-13 19:06:38.000
PNC Financial Services Group,2015-11-24 04:40:14.000
PNC Financial Services Group,2015-11-24 04:51:53.000
PNC Financial Services Group,2015-12-24 14:00:41.000
PNC Financial Services Group,2016-01-23 22:11:02.000
PNC Financial Services Group,2016-01-23 22:20:56.000
PNC Financial Services Group,2016-02-22 08:46:17.000
PNC Financial Services Group,2016-02-22 09:13:53.000
PNC Financial Services Group,2016-03-22 22:28:12.000
PNC Financial Services Group,2016-03-22 22:43:00.000
PNC Financial Services Group,2016-04-20 18:47:53.000
PNC Financial Services Group,2016-05-20 20:02:28.000
PNC Financial Services Group,2016-05-20 20:17:07.000
PNC Financial Services Group,2016-06-19 10:22:27.000
PNC Financial Services Group,2016-06-19 10:38:00.000
PNC Financial Services Group,2016-07-18 16:35:38.000
PNC Financial Services Group,2016-07-18 16:59:15.000
PNC Financial Services Group,2016-08-16 10:38:13.000
PNC Financial Services Group,2016-08-16 11:01:12.000
PNC Financial Services Group,2016-09-15 02:40:38.000
PNC Financial Services Group,2016-10-14 01:02:57.000
PNC Financial Services Group,2016-11-12 13:12:12.000
PNC Financial Services Group,2016-11-12 13:16:18.000
PNC Financial Services Group,2016-12-11 15:36:59.000
PPG Industries,2016-10-01 13:42:41.000
PPG Industries,2016-10-01 13:47:29.000
PPG Industries,2016-10-30 02:04:27.000
PPG Industries,2016-11-28 19:37:11.000
PPG Industries,2016-11-28 19:38:43.000
PPG Industries,2016-12-27 16:31:05.000
PPL,2013-12-08 06:34:23.000
PPL,2014-01-06 08:01:26.000
PPL,2014-01-06 08:11:00.000
PPL,2014-02-04 03:04:08.000
PPL,2014-02-04 03:26:34.000
PPL,2014-03-06 05:19:59.000
PPL,2014-03-06 05:22:25.000
PPL,2014-04-04 19:20:05.000
PPL,2014-05-05 00:03:19.000
PPL,2014-05-05 00:04:02.000
PPL,2014-06-03 17:33:33.000
PPL,2014-07-02 00:59:50.000
PPL,2014-07-31 05:05:06.000
PPL,2014-07-31 05:06:42.000
PPL,2014-08-29 17:15:24.000
PPL,2014-08-29 17:41:40.000
PPL,2014-09-28 15:51:34.000
PPL,2014-09-28 15:53:06.000
PPL,2014-10-27 19:05:05.000
PPL,2014-10-27 19:05:26.000
PPL,2014-11-26 20:13:41.000
PPL,2014-12-26 21:39:04.000
PPL,2014-12-26 21:55:31.000
PPL,2015-01-24 07:15:47.000
PPL,2015-01-24 07:36:29.000
PPL,2015-02-22 07:19:20.000
PPL,2015-02-22 07:24:04.000
PPL,2015-03-24 18:50:59.000
PPL,2015-04-23 15:12:43.000
PVH,2016-10-25 13:41:20.000
PVH,2016-11-23 23:03:30.000
PVH,2016-11-23 23:28:45.000
PVH,2016-12-22 11:21:08.000
PVH,2016-12-22 11:32:44.000
Paccar,2013-12-29 09:35:57.000
Paccar,2013-12-29 09:50:38.000
Paccar,2014-01-28 00:43:27.000
Paccar,2014-02-26 10:18:48.000
Paccar,2014-02-26 10:34:55.000
Paccar,2014-03-28 03:40:49.000
Paccar,2014-03-28 03:40:57.000
Paccar,2014-04-27 13:29:11.000
Paccar,2014-04-27 13:51:56.000
Paccar,2014-05-27 21:57:12.000
Paccar,2014-05-27 22:07:49.000
Paccar,2014-06-26 15:26:30.000
Paccar,2014-06-26 15:35:11.000
Paccar,2014-07-25 23:15:24.000
Paccar,2014-08-23 07:22:52.000
Paccar,2014-10-20 22:08:02.000
Paccar,2014-11-19 09:17:20.000
Paccar,2014-11-19 09:17:21.000
Paccar,2014-12-18 20:52:37.000
Paccar,2015-01-17 11:12:46.000
Paccar,2015-01-17 11:14:10.000
Paccar,2015-02-15 16:42:57.000
Paccar,2015-03-16 02:41:55.000
Paccar,2015-05-14 09:52:03.000
Paccar,2015-05-14 10:12:06.000
Paccar,2015-06-12 11:46:31.000
Paccar,2015-07-11 02:26:53.000
Paccar,2015-07-11 02:33:01.000
Paccar,2015-08-10 05:40:44.000
Paccar,2015-08-10 05:51:19.000
Paccar,2015-09-09 14:04:08.000
Paccar,2015-10-09 17:54:11.000
Paccar,2015-10-09 17:59:15.000
Paccar,2015-11-07 17:12:32.000
Paccar,2015-12-06 20:26:07.000
Paccar,2015-12-06 20:27:28.000
Paccar,2016-01-05 15:58:28.000
Paccar,2016-01-05 16:02:18.000
Paccar,2016-02-03 16:41:16.000
Paccar,2016-02-03 16:48:28.000
Paccar,2016-03-04 23:45:30.000
Paccar,2016-04-03 04:49:57.000
Paccar,2016-05-03 02:00:02.000
Paccar,2016-06-01 09:14:24.000
Paccar,2016-06-01 09:20:20.000
Paccar,2016-07-01 18:31:59.000
Pacific Life,2016-06-05 01:16:37.000
Pacific Life,2016-06-05 01:36:42.000
Pacific Life,2016-07-04 12:34:49.000
Pacific Life,2016-08-02 00:53:28.000
Pacific Life,2016-08-02 01:13:08.000
Pacific Life,2016-09-01 02:32:51.000
Pacific Life,2016-09-01 02:39:55.000
Pacific Life,2016-09-30 13:31:53.000
Pacific Life,2016-10-29 12:04:06.000
Pacific Life,2016-11-27 15:16:07.000
Pacific Life,2016-11-27 15:17:06.000
Pacific Life,2016-12-26 08:39:56.000
Pacific Life,2016-12-26 08:53:24.000
Parker-Hannifin,2014-04-26 05:41:12.000
Parker-Hannifin,2014-05-25 21:02:44.000
Parker-Hannifin,2014-05-25 21:11:41.000
Parker-Hannifin,2014-06-23 12:51:17.000
Parker-Hannifin,2014-07-23 21:03:58.000
Parker-Hannifin,2014-07-23 21:04:56.000
Parker-Hannifin,2014-08-21 13:49:57.000
Parker-Hannifin,2014-08-21 13:55:14.000
Parker-Hannifin,2014-09-19 02:26:43.000
Parker-Hannifin,2014-10-19 17:32:45.000
Parker-Hannifin,2014-11-18 23:00:16.000
PayPal Holdings,2014-12-16 21:21:11.000
PayPal Holdings,2015-01-15 02:26:51.000
PayPal Holdings,2015-01-15 02:34:01.000
PayPal Holdings,2015-02-14 17:18:56.000
PayPal Holdings,2015-03-16 15:19:03.000
PayPal Holdings,2015-03-16 15:30:03.000
PayPal Holdings,2015-04-15 20:16:03.000
PayPal Holdings,2015-04-15 20:35:15.000
PayPal Holdings,2015-05-15 10:48:48.000
PayPal Holdings,2015-05-15 11:08:10.000
PayPal Holdings,2015-06-13 05:34:19.000
PayPal Holdings,2015-07-13 15:19:10.000
PayPal Holdings,2015-07-13 15:31:34.000
PayPal Holdings,2015-08-12 11:00:52.000
PayPal Holdings,2015-09-11 02:47:54.000
PayPal Holdings,2015-10-10 22:39:27.000
PayPal Holdings,2015-11-08 07:58:00.000
PayPal Holdings,2015-11-08 08:07:36.000
PayPal Holdings,2015-12-07 08:44:11.000
PayPal Holdings,2016-01-06 04:14:25.000
PayPal Holdings,2016-01-06 04:14:54.000
PayPal Holdings,2016-02-05 08:35:42.000
PayPal Holdings,2016-03-06 05:47:58.000
PayPal Holdings,2016-03-06 06:07:24.000
PayPal Holdings,2016-04-05 12:50:12.000
PayPal Holdings,2016-04-05 13:05:50.000
PayPal Holdings,2016-05-04 06:53:52.000
PayPal Holdings,2016-05-04 07:13:17.000
PayPal Holdings,2016-06-03 11:55:51.000
PayPal Holdings,2016-07-03 22:16:04.000
PayPal Holdings,2016-07-03 22:20:24.000
PayPal Holdings,2016-08-01 06:26:53.000
PayPal Holdings,2016-08-30 15:27:37.000
PayPal Holdings,2016-08-30 15:33:25.000
PayPal Holdings,2016-09-29 02:36:50.000
PayPal Holdings,2016-10-29 11:21:33.000
PayPal Holdings,2016-10-29 11:32:35.000
PayPal Holdings,2016-11-28 02:35:29.000
PayPal Holdings,2016-12-28 23:43:44.000
PayPal Holdings,2016-12-28 23:49:29.000
Penske Automotive Group,2016-10-17 13:25:17.000
Penske Automotive Group,2016-10-17 13:29:56.000
Penske Automotive Group,2016-11-16 12:58:10.000
Penske Automotive Group,2016-11-16 13:07:21.000
Penske Automotive Group,2016-12-15 12:15:21.000
Penske Automotive Group,2016-12-15 12:17:59.000
PepsiCo,2016-03-28 11:04:18.000
PepsiCo,2016-03-28 11:23:56.000
PepsiCo,2016-04-27 05:31:32.000
PepsiCo,2016-04-27 05:46:03.000
PepsiCo,2016-05-26 14:10:45.000
PepsiCo,2016-06-25 09:59:07.000
PepsiCo,2016-06-25 10:15:42.000
Performance Food Group,2016-01-09 06:30:43.000
Performance Food Group,2016-01-09 06:41:08.000
Performance Food Group,2016-02-08 03:43:42.000
Performance Food Group,2016-03-09 23:13:56.000
Performance Food Group,2016-04-08 14:56:55.000
Performance Food Group,2016-05-08 11:01:07.000
Performance Food Group,2016-06-06 10:20:05.000
Performance Food Group,2016-06-06 10:32:27.000
Performance Food Group,2016-07-06 13:34:06.000
Performance Food Group,2016-07-06 13:37:44.000
Performance Food Group,2016-08-05 17:58:17.000
Performance Food Group,2016-08-05 18:11:07.000
Performance Food Group,2016-09-04 10:35:12.000
Performance Food Group,2016-10-03 14:50:19.000
Performance Food Group,2016-10-03 14:59:57.000
Performance Food Group,2016-11-01 08:48:36.000
Performance Food Group,2016-11-01 08:53:48.000
Performance Food Group,2016-11-30 18:25:01.000
Performance Food Group,2016-11-30 18:26:59.000
Performance Food Group,2016-12-30 23:44:31.000
Performance Food Group,2016-12-30 23:52:46.000
Peter Kiewit Sons',2016-11-12 01:48:31.000
Peter Kiewit Sons',2016-11-12 01:54:43.000
Peter Kiewit Sons',2016-12-12 16:34:28.000
Peter Kiewit Sons',2016-12-12 16:54:39.000
Pfizer,2015-06-07 20:57:31.000
Pfizer,2015-06-07 20:59:06.000
Pfizer,2015-07-06 17:44:31.000
Pfizer,2015-08-04 23:56:12.000
Pfizer,2015-09-03 14:20:08.000
Pfizer,2015-10-02 20:12:46.000
Pfizer,2015-10-02 20:28:11.000
Pfizer,2015-11-30 19:26:12.000
Pfizer,2015-11-30 19:28:22.000
Pfizer,2015-12-30 17:02:28.000
Pfizer,2015-12-30 17:31:09.000
Pfizer,2016-01-28 08:25:48.000
Pfizer,2016-01-28 08:39:51.000
Pfizer,2016-02-27 15:51:34.000
Pfizer,2016-02-27 15:53:13.000
Pfizer,2016-03-28 22:38:16.000
Pfizer,2016-04-26 09:44:00.000
Pfizer,2016-04-26 09:59:30.000
Pfizer,2016-05-25 20:06:35.000
Pfizer,2016-05-25 20:09:21.000
Pfizer,2016-06-24 18:16:27.000
Pfizer,2016-06-24 18:41:46.000
Pfizer,2016-07-24 02:10:21.000
Pfizer,2016-07-24 02:23:15.000
Pfizer,2016-08-23 04:36:01.000
Pfizer,2016-09-21 04:15:55.000
Pfizer,2016-09-21 04:24:31.000
Pfizer,2016-10-21 13:56:08.000
Pfizer,2016-11-20 17:34:54.000
Pfizer,2016-12-20 09:45:37.000
Philip Morris International,2013-12-29 23:42:44.000
Philip Morris International,2013-12-29 23:54:00.000
Philip Morris International,2014-01-28 16:23:20.000
Philip Morris International,2014-01-28 16:23:43.000
Philip Morris International,2014-02-26 04:02:14.000
Philip Morris International,2014-02-26 04:07:57.000
Philip Morris International,2014-03-28 14:59:01.000
Philip Morris International,2014-03-28 14:59:24.000
Philip Morris International,2014-04-26 10:32:45.000
Philip Morris International,2014-04-26 10:44:08.000
Philip Morris International,2014-05-26 21:55:18.000
Philip Morris International,2014-06-25 13:23:59.000
Philip Morris International,2014-06-25 13:28:05.000
Philip Morris International,2014-07-24 10:37:39.000
Philip Morris International,2014-07-24 10:43:19.000
Philip Morris International,2014-08-23 07:47:55.000
Philip Morris International,2014-08-23 07:49:52.000
Philip Morris International,2014-09-21 09:02:03.000
Philip Morris International,2014-09-21 09:08:36.000
Philip Morris International,2014-10-20 23:53:32.000
Philip Morris International,2014-10-20 23:53:43.000
Philip Morris International,2014-11-19 20:57:01.000
Philip Morris International,2014-11-19 20:57:10.000
Philip Morris International,2014-12-19 16:57:03.000
Philip Morris International,2015-01-18 10:08:07.000
Philip Morris International,2015-02-17 00:26:41.000
Philip Morris International,2015-03-18 22:39:35.000
Philip Morris International,2015-04-17 09:47:46.000
Philip Morris International,2015-04-17 10:12:43.000
Philip Morris International,2015-05-17 14:17:59.000
Philip Morris International,2015-05-17 14:41:48.000
Philip Morris International,2015-06-15 00:44:04.000
Philip Morris International,2015-07-15 03:18:37.000
Philip Morris International,2015-07-15 03:28:05.000
Philip Morris International,2015-08-13 17:56:12.000
Philip Morris International,2015-08-13 17:58:33.000
Philip Morris International,2015-09-11 09:24:52.000
Philip Morris International,2015-09-11 09:39:36.000
Philip Morris International,2015-10-11 03:30:06.000
Philip Morris International,2015-10-11 03:43:14.000
Philip Morris International,2015-11-10 20:57:41.000
Philip Morris International,2015-12-09 08:55:56.000
Philip Morris International,2015-12-09 09:03:07.000
Philip Morris International,2016-01-08 07:38:15.000
Philip Morris International,2016-01-08 07:47:08.000
Philip Morris International,2016-02-06 08:58:07.000
Philip Morris International,2016-02-06 09:04:23.000
Philip Morris International,2016-03-07 14:19:10.000
Philip Morris International,2016-03-07 14:20:59.000
Philip Morris International,2016-04-05 11:09:00.000
Philip Morris International,2016-05-05 12:22:05.000
Philip Morris International,2016-05-05 12:40:41.000
Philip Morris International,2016-06-04 14:56:54.000
Philip Morris International,2016-07-03 04:33:12.000
Philip Morris International,2016-07-03 04:34:32.000
Philip Morris International,2016-08-02 15:34:05.000
Philip Morris International,2016-08-31 15:59:50.000
Philip Morris International,2016-08-31 16:11:05.000
Philip Morris International,2016-09-29 13:47:13.000
Philip Morris International,2016-09-29 14:12:32.000
Philip Morris International,2016-10-29 06:53:14.000
Philip Morris International,2016-11-28 01:58:11.000
Philip Morris International,2016-11-28 02:13:09.000
Philip Morris International,2016-12-28 10:01:48.000
Philip Morris International,2016-12-28 10:04:27.000
Phillips 66,2015-05-06 01:44:14.000
Phillips 66,2015-06-04 14:59:54.000
Phillips 66,2015-06-04 15:20:07.000
Phillips 66,2015-07-04 19:08:36.000
Phillips 66,2015-07-04 19:09:57.000
Phillips 66,2015-08-03 08:35:15.000
Phillips 66,2015-08-03 08:35:23.000
Phillips 66,2015-09-01 16:40:39.000
Phillips 66,2015-09-01 16:52:57.000
Phillips 66,2015-10-01 07:37:52.000
Phillips 66,2015-10-01 07:40:48.000
Phillips 66,2015-10-30 03:01:06.000
Phillips 66,2015-10-30 03:01:43.000
Phillips 66,2015-11-28 17:09:26.000
Phillips 66,2015-11-28 17:10:48.000
Phillips 66,2015-12-27 05:37:08.000
Phillips 66,2015-12-27 05:49:09.000
Phillips 66,2016-01-26 18:37:25.000
Phillips 66,2016-01-26 18:49:01.000
Phillips 66,2016-02-25 09:34:56.000
Phillips 66,2016-03-25 09:08:00.000
Phillips 66,2016-03-25 09:25:51.000
Phillips 66,2016-04-23 16:08:40.000
Phillips 66,2016-05-22 20:59:36.000
Phillips 66,2016-05-22 21:04:25.000
Phillips 66,2016-06-20 02:46:58.000
Phillips 66,2016-06-20 02:52:20.000
Phillips 66,2016-07-19 05:14:33.000
Phillips 66,2016-07-19 05:20:11.000
Phillips 66,2016-08-18 07:48:50.000
Phillips 66,2016-08-18 08:06:24.000
Phillips 66,2016-09-17 11:33:53.000
Phillips 66,2016-10-17 08:46:25.000
Phillips 66,2016-11-16 19:32:02.000
Phillips 66,2016-12-15 09:24:19.000
Plains GP Holdings,2016-09-29 20:48:33.000
Plains GP Holdings,2016-10-28 13:50:02.000
Plains GP Holdings,2016-10-28 14:05:56.000
Plains GP Holdings,2016-11-27 02:30:37.000
Plains GP Holdings,2016-12-27 06:28:19.000
Praxair,2016-09-19 01:58:29.000
Praxair,2016-09-19 02:12:28.000
Praxair,2016-10-19 20:36:53.000
Praxair,2016-11-17 15:18:13.000
Praxair,2016-12-17 12:49:09.000
Praxair,2016-12-17 12:50:26.000
Precision Castparts,2016-08-08 00:12:06.000
Precision Castparts,2016-08-08 00:13:46.000
Precision Castparts,2016-09-05 06:07:31.000
Precision Castparts,2016-09-05 06:17:51.000
Precision Castparts,2016-10-05 08:43:21.000
Precision Castparts,2016-10-05 08:51:28.000
Precision Castparts,2016-11-03 06:41:19.000
Precision Castparts,2016-12-03 04:10:47.000
Precision Castparts,2016-12-03 04:27:52.000
Priceline Group,2016-12-10 23:47:35.000
Principal Financial,2016-09-29 04:04:18.000
Principal Financial,2016-09-29 04:20:00.000
Principal Financial,2016-10-28 06:40:16.000
Principal Financial,2016-11-26 15:53:07.000
Principal Financial,2016-11-26 16:01:31.000
Principal Financial,2016-12-25 14:27:31.000
Principal Financial,2016-12-25 14:34:54.000
Procter & Gamble,2016-08-18 11:21:17.000
Procter & Gamble,2016-09-16 08:09:17.000
Procter & Gamble,2016-10-15 02:44:01.000
Procter & Gamble,2016-11-14 14:01:01.000
Procter & Gamble,2016-11-14 14:02:47.000
Procter & Gamble,2016-12-13 20:59:34.000
Procter & Gamble,2016-12-13 21:00:28.000
Progressive,2015-05-19 11:09:53.000
Progressive,2015-06-17 21:02:15.000
Progressive,2015-07-16 07:37:20.000
Progressive,2015-07-16 07:54:24.000
Progressive,2015-08-14 15:28:24.000
Progressive,2015-08-14 15:42:15.000
Progressive,2015-09-12 18:24:41.000
Progressive,2015-09-12 18:26:23.000
Progressive,2015-10-11 19:09:43.000
Progressive,2015-11-09 04:49:49.000
Progressive,2015-11-09 05:02:07.000
Progressive,2015-12-09 06:24:55.000
Progressive,2015-12-09 06:51:27.000
Progressive,2016-01-07 22:28:54.000
Progressive,2016-01-07 22:32:30.000
Progressive,2016-02-06 03:23:33.000
Progressive,2016-02-06 03:38:08.000
Progressive,2016-03-06 10:22:11.000
Progressive,2016-03-06 10:40:41.000
Progressive,2016-04-05 01:41:45.000
Progressive,2016-04-05 01:45:55.000
Progressive,2016-05-05 14:46:01.000
Progressive,2016-06-04 01:15:53.000
Progressive,2016-07-04 22:23:50.000
Progressive,2016-08-02 20:14:35.000
Progressive,2016-09-01 11:52:10.000
Progressive,2016-10-01 01:48:39.000
Progressive,2016-10-30 23:09:10.000
Progressive,2016-10-30 23:24:40.000
Progressive,2016-11-29 07:19:36.000
Progressive,2016-12-29 07:18:36.000
Prudential Financial,2015-02-15 16:12:25.000
Prudential Financial,2015-02-15 16:24:37.000
Prudential Financial,2015-03-17 22:36:22.000
Prudential Financial,2015-03-17 22:49:44.000
Prudential Financial,2015-04-15 14:19:14.000
Prudential Financial,2015-04-15 14:21:48.000
Prudential Financial,2015-05-15 02:29:44.000
Prudential Financial,2015-05-15 02:40:44.000
Prudential Financial,2015-06-13 21:50:46.000
Prudential Financial,2015-06-13 21:52:15.000
Prudential Financial,2015-07-12 22:03:34.000
Prudential Financial,2015-07-12 22:10:21.000
Prudential Financial,2015-08-10 08:58:32.000
Prudential Financial,2015-09-08 14:26:56.000
Prudential Financial,2015-10-08 00:31:34.000
Prudential Financial,2015-10-08 00:43:23.000
Prudential Financial,2015-11-07 10:28:13.000
Prudential Financial,2015-11-07 10:36:49.000
Prudential Financial,2015-12-07 15:00:07.000
Prudential Financial,2015-12-07 15:10:26.000
Prudential Financial,2016-01-06 14:33:36.000
Prudential Financial,2016-02-05 16:33:42.000
Prudential Financial,2016-03-05 17:36:18.000
Prudential Financial,2016-03-05 18:00:27.000
Prudential Financial,2016-04-04 06:13:58.000
Prudential Financial,2016-04-04 06:20:27.000
Prudential Financial,2016-05-03 06:39:51.000
Prudential Financial,2016-06-01 03:58:00.000
Prudential Financial,2016-06-01 04:05:52.000
Prudential Financial,2016-07-01 19:25:49.000
Prudential Financial,2016-07-01 19:41:44.000
Prudential Financial,2016-07-31 16:26:37.000
Prudential Financial,2016-07-31 16:31:31.000
Prudential Financial,2016-08-30 12:43:30.000
Prudential Financial,2016-08-30 12:51:48.000
Prudential Financial,2016-09-28 02:14:05.000
Prudential Financial,2016-10-27 15:40:04.000
Prudential Financial,2016-11-25 07:22:35.000
Prudential Financial,2016-11-25 07:23:00.000
Prudential Financial,2016-12-24 04:28:51.000
Public Service Enterprise Group,2016-06-27 07:54:57.000
Public Service Enterprise Group,2016-07-27 02:02:45.000
Public Service Enterprise Group,2016-07-27 02:08:25.000
Public Service Enterprise Group,2016-08-25 21:24:43.000
Public Service Enterprise Group,2016-08-25 21:42:48.000
Public Service Enterprise Group,2016-09-23 15:54:31.000
Public Service Enterprise Group,2016-10-22 02:23:02.000
Public Service Enterprise Group,2016-10-22 02:28:13.000
Public Service Enterprise Group,2016-11-20 13:30:18.000
Public Service Enterprise Group,2016-11-20 13:47:04.000
Public Service Enterprise Group,2016-12-20 02:59:23.000
Public Service Enterprise Group,2016-12-20 03:16:03.000
Publix Super Markets,2016-12-26 08:04:19.000
Publix Super Markets,2016-12-26 08:20:03.000
Qualcomm,2015-11-15 11:20:02.000
Qualcomm,2015-12-15 15:14:40.000
Qualcomm,2016-01-14 05:50:41.000
Qualcomm,2016-01-14 06:16:58.000
Qualcomm,2016-02-13 20:24:37.000
Qualcomm,2016-02-13 20:27:29.000
Qualcomm,2016-03-13 12:10:46.000
Qualcomm,2016-03-13 12:18:01.000
Qualcomm,2016-04-12 16:50:20.000
Qualcomm,2016-04-12 17:10:09.000
Qualcomm,2016-05-11 02:15:16.000
Qualcomm,2016-06-10 01:52:26.000
Qualcomm,2016-06-10 02:02:46.000
Qualcomm,2016-07-09 17:51:53.000
Qualcomm,2016-07-09 17:53:55.000
Qualcomm,2016-08-08 12:52:27.000
Qualcomm,2016-09-06 13:40:35.000
Qualcomm,2016-09-06 13:42:40.000
Qualcomm,2016-10-05 00:19:03.000
Qualcomm,2016-10-05 00:27:45.000
Qualcomm,2016-11-03 00:45:18.000
Qualcomm,2016-12-02 10:10:11.000
Qualcomm,2016-12-31 07:26:28.000
Qualcomm,2016-12-31 07:47:17.000
R.R. Donnelley & Sons,2016-04-07 14:31:40.000
R.R. Donnelley & Sons,2016-04-07 14:44:01.000
R.R. Donnelley & Sons,2016-05-07 16:59:17.000
R.R. Donnelley & Sons,2016-05-07 17:20:12.000
R.R. Donnelley & Sons,2016-06-05 19:49:41.000
R.R. Donnelley & Sons,2016-07-04 06:23:06.000
R.R. Donnelley & Sons,2016-08-02 11:53:00.000
R.R. Donnelley & Sons,2016-09-01 19:37:44.000
R.R. Donnelley & Sons,2016-09-01 19:49:30.000
R.R. Donnelley & Sons,2016-10-01 08:04:58.000
R.R. Donnelley & Sons,2016-10-31 04:34:24.000
R.R. Donnelley & Sons,2016-10-31 04:45:50.000
R.R. Donnelley & Sons,2016-11-30 03:04:36.000
R.R. Donnelley & Sons,2016-12-29 03:38:00.000
Raytheon,2016-01-19 20:56:57.000
Raytheon,2016-01-19 21:15:03.000
Raytheon,2016-02-18 09:22:25.000
Raytheon,2016-02-18 09:27:41.000
Raytheon,2016-03-18 11:42:10.000
Raytheon,2016-04-16 10:11:02.000
Raytheon,2016-04-16 10:30:00.000
Raytheon,2016-05-15 05:29:15.000
Raytheon,2016-05-15 05:30:02.000
Raytheon,2016-06-14 04:42:19.000
Raytheon,2016-06-14 05:04:40.000
Raytheon,2016-07-14 02:40:40.000
Raytheon,2016-07-14 02:53:19.000
Raytheon,2016-08-12 16:56:06.000
Raytheon,2016-08-12 17:17:49.000
Raytheon,2016-09-11 22:26:03.000
Raytheon,2016-09-11 22:27:15.000
Raytheon,2016-10-10 05:24:59.000
Raytheon,2016-10-10 05:34:22.000
Raytheon,2016-11-09 09:07:25.000
Raytheon,2016-11-09 09:19:23.000
Raytheon,2016-12-09 14:26:51.000
Reinsurance Group of America,2016-09-25 14:06:31.000
Reinsurance Group of America,2016-11-22 19:28:59.000
Reinsurance Group of America,2016-11-22 19:39:44.000
Reinsurance Group of America,2016-12-22 20:23:30.000
Reliance Steel & Aluminum,2016-12-19 23:09:57.000
Reliance Steel & Aluminum,2016-12-19 23:23:01.000
Republic Services,2013-12-25 21:03:52.000
Republic Services,2013-12-25 21:16:18.000
Republic Services,2014-01-24 07:34:09.000
Republic Services,2014-01-24 07:42:38.000
Republic Services,2014-02-23 07:28:03.000
Republic Services,2014-02-23 07:30:07.000
Republic Services,2014-03-25 01:58:39.000
Republic Services,2014-03-25 02:08:51.000
Republic Services,2014-04-24 16:34:24.000
Republic Services,2014-04-24 16:41:00.000
Republic Services,2014-05-23 06:57:57.000
Republic Services,2014-06-22 04:58:37.000
Republic Services,2014-06-22 05:04:52.000
Republic Services,2014-07-21 05:54:40.000
Republic Services,2014-08-19 00:47:10.000
Republic Services,2014-08-19 01:09:25.000
Republic Services,2014-09-18 09:58:14.000
Republic Services,2014-10-17 22:27:42.000
Republic Services,2014-10-17 22:53:00.000
Republic Services,2014-11-16 12:38:38.000
Republic Services,2014-12-16 02:46:50.000
Republic Services,2015-01-15 00:43:03.000
Republic Services,2015-01-15 00:45:33.000
Republic Services,2015-02-14 07:35:18.000
Republic Services,2015-03-15 05:56:49.000
Republic Services,2015-03-15 06:04:49.000
Republic Services,2015-04-14 15:16:36.000
Republic Services,2015-04-14 15:22:51.000
Republic Services,2015-05-13 01:31:18.000
Republic Services,2015-06-12 04:45:01.000
Republic Services,2015-06-12 04:58:23.000
Republic Services,2015-07-12 16:28:32.000
Republic Services,2015-07-12 16:55:34.000
Republic Services,2015-08-10 13:50:36.000
Republic Services,2015-08-10 13:58:57.000
Republic Services,2015-09-08 06:19:29.000
Republic Services,2015-10-08 19:38:29.000
Republic Services,2015-10-08 20:02:51.000
Republic Services,2015-11-07 10:43:47.000
Republic Services,2015-11-07 10:59:04.000
Republic Services,2015-12-07 23:32:15.000
Republic Services,2016-01-05 03:17:32.000
Republic Services,2016-01-05 03:29:13.000
Republic Services,2016-02-04 09:50:28.000
Republic Services,2016-02-04 09:53:39.000
Republic Services,2016-03-04 11:15:53.000
Republic Services,2016-04-03 19:44:59.000
Republic Services,2016-04-03 19:57:32.000
Republic Services,2016-05-03 03:41:15.000
Republic Services,2016-05-03 03:51:27.000
Reynolds American,2015-09-23 16:31:32.000
Reynolds American,2015-10-22 17:35:40.000
Reynolds American,2015-10-22 17:42:28.000
Reynolds American,2015-11-21 21:35:14.000
Reynolds American,2015-12-21 05:30:06.000
Reynolds American,2015-12-21 05:39:10.000
Reynolds American,2016-01-20 17:42:01.000
Reynolds American,2016-01-20 17:43:01.000
Reynolds American,2016-02-19 16:26:00.000
Reynolds American,2016-03-20 17:05:17.000
Reynolds American,2016-04-19 22:05:39.000
Reynolds American,2016-04-19 22:20:29.000
Reynolds American,2016-06-17 01:24:35.000
Reynolds American,2016-07-17 02:24:17.000
Reynolds American,2016-08-16 17:01:45.000
Reynolds American,2016-09-15 09:11:42.000
Reynolds American,2016-09-15 09:13:03.000
Reynolds American,2016-10-15 16:06:56.000
Reynolds American,2016-10-15 16:08:41.000
Reynolds American,2016-11-13 03:16:03.000
Reynolds American,2016-11-13 03:16:53.000
Reynolds American,2016-12-13 16:22:42.000
Reynolds American,2016-12-13 16:32:50.000
Rite Aid,2016-12-01 15:24:16.000
Rite Aid,2016-12-31 12:40:26.000
Rite Aid,2016-12-31 12:46:03.000
Ross Stores,2016-06-21 05:02:33.000
Ross Stores,2016-06-21 05:08:00.000
Ross Stores,2016-07-20 05:36:42.000
Ross Stores,2016-07-20 05:59:09.000
Ross Stores,2016-08-19 16:04:11.000
Ross Stores,2016-09-18 12:20:24.000
Ross Stores,2016-10-17 07:32:09.000
Ross Stores,2016-10-17 07:32:48.000
Ross Stores,2016-11-15 09:29:55.000
Ross Stores,2016-12-14 23:46:15.000
Ross Stores,2016-12-14 23:56:57.000
Sears Holdings,2015-09-16 03:18:18.000
Sears Holdings,2015-10-15 12:41:30.000
Sears Holdings,2015-10-15 12:56:06.000
Sears Holdings,2015-11-13 06:18:19.000
Sears Holdings,2015-11-13 06:28:15.000
Sears Holdings,2015-12-12 07:07:55.000
Sears Holdings,2016-01-10 09:14:37.000
Sears Holdings,2016-01-10 09:39:13.000
Sears Holdings,2016-02-10 00:12:26.000
Sears Holdings,2016-02-10 00:23:17.000
Sears Holdings,2016-03-10 21:20:23.000
Sears Holdings,2016-03-10 21:21:10.000
Sears Holdings,2016-04-08 23:28:41.000
Sears Holdings,2016-05-07 12:58:45.000
Sears Holdings,2016-05-07 13:11:31.000
Sears Holdings,2016-06-05 03:46:21.000
Sears Holdings,2016-06-05 04:04:51.000
Sears Holdings,2016-07-05 09:20:49.000
Sears Holdings,2016-07-05 09:25:31.000
Sears Holdings,2016-08-04 16:27:28.000
Sears Holdings,2016-08-04 16:30:42.000
Sears Holdings,2016-09-03 06:52:40.000
Sears Holdings,2016-09-03 06:58:53.000
Sears Holdings,2016-10-02 11:23:40.000
Sears Holdings,2016-10-02 11:35:05.000
Sears Holdings,2016-11-01 17:57:50.000
Sears Holdings,2016-11-01 18:04:17.000
Sears Holdings,2016-11-30 05:15:47.000
Sears Holdings,2016-11-30 05:34:37.000
Sears Holdings,2016-12-30 20:25:20.000
Sempra Energy,2016-09-20 06:43:29.000
Sempra Energy,2016-09-20 06:58:05.000
Sempra Energy,2016-10-20 05:11:01.000
Sempra Energy,2016-10-20 05:12:43.000
Sempra Energy,2016-11-19 22:30:39.000
Sempra Energy,2016-11-19 22:37:50.000
Sempra Energy,2016-12-19 04:13:18.000
Sempra Energy,2016-12-19 04:18:01.000
Sherwin-Williams,2016-12-30 05:34:12.000
Sherwin-Williams,2016-12-30 05:37:39.000
Sonic Automotive,2016-11-16 01:09:42.000
Sonic Automotive,2016-11-16 01:24:14.000
Sonic Automotive,2016-12-15 00:13:59.000
Sonic Automotive,2016-12-15 00:22:16.000
Southern,2015-11-20 10:43:07.000
Southern,2015-11-20 10:48:54.000
Southern,2015-12-20 06:54:10.000
Southern,2015-12-20 07:00:41.000
Southern,2016-01-19 06:55:14.000
Southern,2016-02-17 23:16:14.000
Southern,2016-03-17 08:08:27.000
Southern,2016-04-16 15:38:07.000
Southern,2016-04-16 15:43:14.000
Southern,2016-05-15 11:31:10.000
Southern,2016-06-13 14:49:21.000
Southern,2016-07-13 13:18:22.000
Southern,2016-08-12 14:26:39.000
Southern,2016-08-12 14:27:50.000
Southern,2016-09-11 02:58:20.000
Southern,2016-10-11 01:20:13.000
Southern,2016-10-11 01:37:21.000
Southern,2016-11-10 22:10:53.000
Southern,2016-12-09 00:49:27.000
Southern,2016-12-09 01:08:23.000
Southwest Airlines,2013-12-16 02:27:22.000
Southwest Airlines,2014-01-14 18:17:53.000
Southwest Airlines,2014-02-12 00:24:12.000
Southwest Airlines,2014-02-12 00:27:09.000
Southwest Airlines,2014-03-13 22:11:19.000
Southwest Airlines,2014-04-12 02:28:42.000
Southwest Airlines,2014-05-12 11:55:32.000
Southwest Airlines,2014-06-10 00:31:17.000
Southwest Airlines,2014-06-10 00:32:07.000
Southwest Airlines,2014-07-10 00:47:36.000
Southwest Airlines,2014-08-09 08:02:38.000
Southwest Airlines,2014-08-09 08:24:54.000
Southwest Airlines,2014-09-08 04:13:45.000
Southwest Airlines,2014-10-07 02:39:51.000
Southwest Airlines,2014-11-05 12:40:58.000
Southwest Airlines,2014-11-05 13:08:17.000
Southwest Airlines,2014-12-05 15:41:05.000
Southwest Airlines,2015-01-03 20:19:53.000
Southwest Airlines,2015-02-02 20:35:39.000
Southwest Airlines,2015-03-03 11:59:21.000
Southwest Airlines,2015-04-01 02:33:49.000
Southwest Airlines,2015-04-01 02:52:17.000
Southwest Airlines,2015-04-30 12:32:33.000
Southwest Airlines,2015-05-29 15:19:40.000
Southwest Airlines,2015-06-28 16:29:24.000
Southwest Airlines,2015-07-27 17:33:55.000
Southwest Airlines,2015-08-25 20:19:55.000
Southwest Airlines,2015-09-24 22:27:17.000
Southwest Airlines,2015-09-24 22:33:50.000
Southwest Airlines,2015-10-23 09:53:39.000
Southwest Airlines,2015-10-23 09:55:20.000
Southwest Airlines,2015-11-21 01:55:43.000
Southwest Airlines,2015-12-21 15:06:42.000
Southwest Airlines,2016-01-19 08:50:42.000
Southwest Airlines,2016-02-17 22:00:49.000
Southwest Airlines,2016-02-17 22:13:19.000
Southwest Airlines,2016-03-17 06:10:18.000
Southwest Airlines,2016-03-17 06:12:02.000
Southwest Airlines,2016-04-15 02:04:04.000
Southwest Airlines,2016-05-14 01:02:39.000
Southwest Airlines,2016-05-14 01:14:50.000
Southwest Airlines,2016-06-12 08:28:18.000
Southwest Airlines,2016-07-12 05:35:51.000
Southwest Airlines,2016-08-11 21:13:56.000
Southwest Airlines,2016-09-10 04:02:25.000
Southwest Airlines,2016-10-10 04:47:17.000
Southwest Airlines,2016-10-10 04:59:12.000
Southwest Airlines,2016-11-08 13:39:25.000
Southwest Airlines,2016-11-08 13:43:23.000
Southwest Airlines,2016-12-08 23:26:21.000
Southwest Airlines,2016-12-08 23:38:30.000
SpartanNash,2016-05-30 04:18:34.000
SpartanNash,2016-06-29 03:57:11.000
SpartanNash,2016-06-29 04:03:39.000
SpartanNash,2016-07-29 19:58:32.000
SpartanNash,2016-07-29 20:06:39.000
SpartanNash,2016-08-27 00:48:17.000
SpartanNash,2016-08-27 00:58:11.000
SpartanNash,2016-09-25 01:44:03.000
SpartanNash,2016-10-24 08:50:37.000
SpartanNash,2016-11-22 06:52:22.000
SpartanNash,2016-11-22 06:57:04.000
SpartanNash,2016-12-21 13:30:42.000
SpartanNash,2016-12-21 13:43:26.000
Stanley Black & Decker,2015-04-30 15:47:25.000
Stanley Black & Decker,2015-04-30 15:53:17.000
Stanley Black & Decker,2015-05-30 03:49:18.000
Stanley Black & Decker,2015-06-28 11:29:16.000
Stanley Black & Decker,2015-07-28 17:18:33.000
Stanley Black & Decker,2015-08-26 16:13:02.000
Stanley Black & Decker,2015-08-26 16:17:36.000
Stanley Black & Decker,2015-09-24 17:06:56.000
Stanley Black & Decker,2015-09-24 17:25:11.000
Stanley Black & Decker,2015-10-24 11:37:29.000
Stanley Black & Decker,2015-10-24 11:59:20.000
Stanley Black & Decker,2015-11-23 07:50:00.000
Stanley Black & Decker,2015-11-23 08:06:22.000
Stanley Black & Decker,2015-12-22 06:59:47.000
Stanley Black & Decker,2015-12-22 07:04:20.000
Stanley Black & Decker,2016-01-20 19:30:30.000
Stanley Black & Decker,2016-01-20 19:33:19.000
Stanley Black & Decker,2016-02-19 19:24:40.000
Stanley Black & Decker,2016-02-19 19:33:03.000
Stanley Black & Decker,2016-03-19 14:44:51.000
Stanley Black & Decker,2016-04-17 07:18:50.000
Stanley Black & Decker,2016-04-17 07:30:27.000
Stanley Black & Decker,2016-05-16 22:55:29.000
Stanley Black & Decker,2016-06-15 23:07:32.000
Stanley Black & Decker,2016-07-14 03:10:22.000
Stanley Black & Decker,2016-07-14 03:30:34.000
Stanley Black & Decker,2016-08-12 22:21:45.000
Stanley Black & Decker,2016-08-12 22:33:58.000
Stanley Black & Decker,2016-09-11 15:46:57.000
Stanley Black & Decker,2016-10-10 14:07:01.000
Stanley Black & Decker,2016-11-08 15:10:31.000
Stanley Black & Decker,2016-11-08 15:30:59.000
Stanley Black & Decker,2016-12-07 03:23:24.000
Staples,2016-08-10 23:32:05.000
Staples,2016-09-09 09:30:28.000
Staples,2016-10-08 05:16:24.000
Staples,2016-10-08 05:18:52.000
Staples,2016-11-07 19:01:49.000
Staples,2016-12-07 10:51:29.000
Staples,2016-12-07 10:55:06.000
Starbucks,2016-12-18 20:11:26.000
Starbucks,2016-12-18 20:23:38.000
State Farm Insurance Cos.,2016-08-28 11:35:37.000
State Farm Insurance Cos.,2016-08-28 11:42:33.000
State Farm Insurance Cos.,2016-09-26 22:33:41.000
State Farm Insurance Cos.,2016-10-26 00:19:31.000
State Farm Insurance Cos.,2016-10-26 00:36:32.000
State Farm Insurance Cos.,2016-11-24 21:17:12.000
State Farm Insurance Cos.,2016-11-24 21:30:25.000
State Farm Insurance Cos.,2016-12-23 17:58:44.000
State Farm Insurance Cos.,2016-12-23 18:13:01.000
State Street Corp.,2015-08-23 14:18:22.000
State Street Corp.,2015-09-21 16:50:04.000
State Street Corp.,2015-10-21 18:48:33.000
State Street Corp.,2015-10-21 19:11:57.000
State Street Corp.,2015-11-20 05:21:20.000
State Street Corp.,2015-11-20 05:24:45.000
State Street Corp.,2015-12-20 03:27:21.000
State Street Corp.,2016-01-19 22:16:12.000
State Street Corp.,2016-01-19 22:24:51.000
State Street Corp.,2016-02-18 03:31:32.000
State Street Corp.,2016-02-18 03:45:06.000
State Street Corp.,2016-03-18 04:41:24.000
State Street Corp.,2016-03-18 05:05:47.000
State Street Corp.,2016-04-17 06:09:41.000
State Street Corp.,2016-04-17 06:29:30.000
State Street Corp.,2016-05-17 10:05:24.000
State Street Corp.,2016-06-16 01:04:31.000
State Street Corp.,2016-06-16 01:10:00.000
State Street Corp.,2016-07-16 21:36:59.000
State Street Corp.,2016-07-16 21:53:11.000
State Street Corp.,2016-08-15 04:24:31.000
State Street Corp.,2016-08-15 04:29:04.000
State Street Corp.,2016-09-13 03:51:01.000
State Street Corp.,2016-09-13 03:59:54.000
State Street Corp.,2016-10-12 12:26:53.000
State Street Corp.,2016-11-10 21:37:03.000
State Street Corp.,2016-11-10 21:53:59.000
State Street Corp.,2016-12-10 16:54:11.000
State Street Corp.,2016-12-10 16:55:55.000
Stryker,2017-01-01 22:17:26.000
Stryker,2017-01-01 22:29:50.000
SunTrust Banks,2016-01-04 12:13:48.000
SunTrust Banks,2016-01-04 12:29:17.000
SunTrust Banks,2016-02-02 07:42:36.000
SunTrust Banks,2016-02-02 07:53:26.000
SunTrust Banks,2016-03-02 16:56:13.000
SunTrust Banks,2016-03-02 17:18:37.000
SunTrust Banks,2016-03-31 22:14:43.000
SunTrust Banks,2016-03-31 22:15:51.000
SunTrust Banks,2016-04-30 06:01:11.000
SunTrust Banks,2016-04-30 06:08:09.000
SunTrust Banks,2016-05-29 04:22:07.000
SunTrust Banks,2016-06-27 09:58:47.000
SunTrust Banks,2016-06-27 10:09:49.000
SunTrust Banks,2016-07-27 13:49:36.000
SunTrust Banks,2016-07-27 13:51:30.000
SunTrust Banks,2016-08-26 17:11:37.000
SunTrust Banks,2016-08-26 17:36:00.000
SunTrust Banks,2016-09-25 23:20:32.000
SunTrust Banks,2016-10-24 08:04:52.000
SunTrust Banks,2016-10-24 08:05:41.000
SunTrust Banks,2016-11-22 16:18:09.000
SunTrust Banks,2016-12-21 09:04:36.000
SunTrust Banks,2016-12-21 09:05:26.000
Supervalu,2013-12-11 03:17:57.000
Supervalu,2013-12-11 03:42:54.000
Supervalu,2014-01-10 05:14:56.000
Supervalu,2014-01-10 05:39:25.000
Supervalu,2014-02-08 06:00:05.000
Supervalu,2014-02-08 06:16:00.000
Supervalu,2014-03-09 03:38:52.000
Supervalu,2014-03-09 03:41:27.000
Supervalu,2014-04-07 05:58:51.000
Supervalu,2014-04-07 06:11:08.000
Supervalu,2014-05-07 04:34:23.000
Supervalu,2014-06-05 05:05:50.000
Supervalu,2014-06-05 05:10:15.000
Supervalu,2014-07-04 08:31:47.000
Supervalu,2014-08-02 16:42:32.000
Supervalu,2014-08-02 16:52:58.000
Supervalu,2014-08-31 13:09:05.000
Supervalu,2014-08-31 13:25:14.000
Supervalu,2014-09-30 01:27:25.000
Supervalu,2014-09-30 01:38:25.000
Supervalu,2014-10-29 20:03:04.000
Supervalu,2014-10-29 20:10:40.000
Supervalu,2014-11-27 06:43:42.000
Supervalu,2014-11-27 07:03:32.000
Supervalu,2014-12-27 03:13:30.000
Supervalu,2014-12-27 03:38:41.000
Supervalu,2015-01-26 03:58:03.000
Supervalu,2015-01-26 04:00:06.000
Supervalu,2015-02-24 08:32:36.000
Supervalu,2015-03-25 17:32:39.000
Supervalu,2015-03-25 17:33:32.000
Supervalu,2015-04-23 15:15:05.000
Supervalu,2015-04-23 15:32:59.000
Supervalu,2015-05-23 00:04:27.000
Supervalu,2015-05-23 00:06:42.000
Supervalu,2015-06-22 10:00:54.000
Supervalu,2015-06-22 10:28:36.000
Supervalu,2015-07-21 20:09:00.000
Supervalu,2015-08-19 11:45:32.000
Supervalu,2015-08-19 12:00:54.000
Supervalu,2015-09-18 19:36:35.000
Supervalu,2015-09-18 19:54:23.000
Supervalu,2015-10-17 15:41:28.000
Supervalu,2015-10-17 15:46:02.000
Supervalu,2015-11-15 15:53:00.000
Supervalu,2015-11-15 15:55:04.000
Supervalu,2015-12-14 12:07:22.000
Supervalu,2015-12-14 12:11:16.000
Supervalu,2016-01-12 23:18:35.000
Supervalu,2016-01-12 23:33:13.000
Supervalu,2016-02-11 14:57:38.000
Supervalu,2016-03-12 23:56:49.000
Supervalu,2016-04-10 08:17:29.000
Supervalu,2016-04-10 08:30:14.000
Supervalu,2016-05-10 22:32:37.000
Supervalu,2016-06-08 12:39:00.000
Supervalu,2016-07-08 09:12:45.000
Supervalu,2016-07-08 09:22:01.000
Supervalu,2016-08-07 00:06:02.000
Supervalu,2016-09-04 10:43:09.000
Supervalu,2016-09-04 10:56:54.000
Supervalu,2016-10-04 00:53:19.000
Supervalu,2016-11-03 23:28:03.000
Supervalu,2016-11-03 23:36:51.000
Supervalu,2016-12-02 23:01:20.000
Supervalu,2016-12-02 23:03:51.000
Supervalu,2016-12-31 04:03:13.000
Supervalu,2016-12-31 04:14:22.000
Synnex,2015-06-20 21:43:54.000
Synnex,2015-06-20 21:59:40.000
Synnex,2015-07-19 02:44:53.000
Synnex,2015-07-19 02:56:54.000
Synnex,2015-08-17 09:05:01.000
Synnex,2015-08-17 09:09:38.000
Synnex,2015-09-15 01:35:05.000
Synnex,2015-10-14 12:46:50.000
Synnex,2015-10-14 12:51:37.000
Synnex,2015-11-12 23:29:22.000
Synnex,2015-11-12 23:44:50.000
Synnex,2015-12-12 16:20:59.000
Synnex,2016-01-10 22:37:30.000
Synnex,2016-02-09 14:14:03.000
Synnex,2016-02-09 14:19:15.000
Synnex,2016-03-09 22:55:09.000
Synnex,2016-03-09 23:15:59.000
Synnex,2016-04-07 14:50:35.000
Synnex,2016-05-06 01:59:59.000
Synnex,2016-05-06 02:14:26.000
Synnex,2016-06-04 07:20:38.000
Synnex,2016-07-04 06:25:33.000
Synnex,2016-07-04 06:41:35.000
Synnex,2016-08-02 23:21:49.000
Synnex,2016-08-02 23:36:41.000
Synnex,2016-08-31 03:21:28.000
Synnex,2016-08-31 03:32:25.000
Synnex,2016-09-30 07:29:33.000
Synnex,2016-10-30 01:01:53.000
Synnex,2016-10-30 01:27:31.000
Synnex,2016-11-28 10:39:29.000
Sysco,2013-12-17 21:43:40.000
Sysco,2013-12-17 21:54:36.000
Sysco,2014-01-16 08:33:41.000
Sysco,2014-01-16 08:38:51.000
Sysco,2014-02-14 20:04:02.000
Sysco,2014-02-14 20:14:32.000
Sysco,2014-03-15 00:44:31.000
Sysco,2014-03-15 01:06:27.000
Sysco,2014-04-13 15:23:44.000
Sysco,2014-04-13 15:42:29.000
Sysco,2014-05-13 06:49:49.000
Sysco,2014-05-13 06:54:25.000
Sysco,2014-06-11 14:52:16.000
Sysco,2014-06-11 15:01:15.000
Sysco,2014-07-10 10:30:04.000
Sysco,2014-08-09 11:44:08.000
Sysco,2014-09-08 00:51:17.000
Sysco,2014-09-08 00:51:42.000
Sysco,2014-10-08 23:08:56.000
Sysco,2014-10-08 23:13:52.000
Sysco,2014-11-06 04:22:37.000
Sysco,2014-11-06 04:25:09.000
Sysco,2014-12-05 12:23:23.000
Sysco,2014-12-05 12:34:07.000
Sysco,2015-01-04 14:22:09.000
Sysco,2015-01-04 14:34:05.000
Sysco,2015-02-02 14:52:33.000
Sysco,2015-02-02 14:53:40.000
Sysco,2015-03-03 00:33:07.000
Sysco,2015-03-03 00:35:21.000
Sysco,2015-04-01 23:00:48.000
Sysco,2015-04-30 01:18:20.000
Sysco,2015-04-30 01:22:37.000
Sysco,2015-05-30 15:21:56.000
Sysco,2015-05-30 15:33:25.000
Sysco,2015-06-28 09:07:29.000
Sysco,2015-06-28 09:36:05.000
Sysco,2015-07-27 00:29:49.000
Sysco,2015-07-27 00:50:38.000
Sysco,2015-08-25 17:21:32.000
Sysco,2015-08-25 17:40:47.000
Sysco,2015-09-24 06:36:02.000
Sysco,2015-09-24 06:46:08.000
Sysco,2015-10-23 18:49:45.000
Sysco,2015-10-23 19:00:05.000
Sysco,2015-11-21 03:29:32.000
Sysco,2015-12-21 21:23:23.000
Sysco,2015-12-21 21:42:46.000
Sysco,2016-01-19 02:31:18.000
Sysco,2016-01-19 02:31:28.000
Sysco,2016-02-17 19:22:51.000
Sysco,2016-02-17 19:26:39.000
Sysco,2016-03-18 09:20:39.000
Sysco,2016-04-17 01:24:35.000
Sysco,2016-04-17 01:25:20.000
Sysco,2016-05-17 17:05:20.000
Sysco,2016-05-17 17:08:44.000
Sysco,2016-06-16 02:13:41.000
Sysco,2016-06-16 02:14:56.000
Sysco,2016-07-15 11:03:15.000
Sysco,2016-07-15 11:15:27.000
Sysco,2016-08-14 07:39:19.000
Sysco,2016-09-12 15:32:44.000
Sysco,2016-09-12 15:58:24.000
Sysco,2016-10-12 15:27:37.000
Sysco,2016-11-11 20:24:46.000
Sysco,2016-11-11 20:37:47.000
Sysco,2016-12-11 08:06:07.000
TIAA,2016-11-26 21:22:44.000
TIAA,2016-11-26 21:41:30.000
TIAA,2016-12-26 07:18:40.000
TIAA,2016-12-26 07:20:14.000
TJX,2013-12-08 18:24:52.000
TJX,2013-12-08 18:32:52.000
TJX,2014-01-06 13:19:52.000
TJX,2014-01-06 13:21:49.000
TJX,2014-02-04 09:19:59.000
TJX,2014-03-05 23:53:09.000
TJX,2014-04-03 00:16:46.000
TJX,2014-04-03 00:24:20.000
TJX,2014-05-02 20:53:52.000
TJX,2014-05-02 21:08:04.000
TJX,2014-06-01 22:19:15.000
TJX,2014-07-01 00:26:20.000
TJX,2014-07-31 11:44:55.000
TJX,2014-08-30 19:55:49.000
TJX,2014-08-30 20:04:39.000
TJX,2014-09-29 15:25:50.000
TJX,2014-10-28 20:16:37.000
TJX,2014-11-26 19:02:14.000
TJX,2014-12-26 23:30:23.000
TJX,2014-12-26 23:32:42.000
TJX,2015-01-25 02:55:09.000
TJX,2015-01-25 03:06:45.000
TJX,2015-02-23 04:34:00.000
TJX,2015-03-24 07:06:57.000
TJX,2015-03-24 07:14:50.000
TJX,2015-04-24 00:12:20.000
TJX,2015-04-24 00:14:26.000
TJX,2015-05-22 17:33:53.000
TJX,2015-06-21 22:58:04.000
TJX,2015-07-20 19:35:01.000
TJX,2015-07-20 19:38:25.000
TJX,2015-08-19 14:16:27.000
TJX,2015-08-19 14:43:56.000
TJX,2015-09-17 08:41:58.000
TJX,2015-10-16 13:01:43.000
TJX,2015-10-16 13:17:19.000
TJX,2015-11-15 19:02:10.000
TJX,2015-12-15 08:57:19.000
TJX,2015-12-15 09:03:13.000
TJX,2016-01-14 19:42:56.000
TJX,2016-01-14 19:53:45.000
TJX,2016-02-12 11:31:59.000
TJX,2016-02-12 11:46:03.000
TJX,2016-03-12 20:08:43.000
TJX,2016-03-12 20:26:55.000
TJX,2016-04-11 13:48:43.000
TJX,2016-04-11 14:06:30.000
TJX,2016-05-10 15:53:15.000
TJX,2016-06-09 07:26:59.000
TJX,2016-07-08 11:42:43.000
Target,2015-08-15 13:23:54.000
Target,2015-08-15 13:32:38.000
Target,2015-09-14 09:46:53.000
Target,2015-10-14 15:31:10.000
Target,2015-11-13 17:11:02.000
Target,2015-12-12 13:32:26.000
Target,2015-12-12 13:44:27.000
Target,2016-01-10 06:34:35.000
Target,2016-01-10 06:47:31.000
Target,2016-02-09 10:32:43.000
Target,2016-02-09 10:48:00.000
Target,2016-03-09 12:10:22.000
Target,2016-03-09 12:20:53.000
Target,2016-04-07 03:42:45.000
Target,2016-05-07 12:27:14.000
Target,2016-06-06 13:24:51.000
Target,2016-06-06 13:38:42.000
Target,2016-07-05 00:35:00.000
Target,2016-08-04 11:22:41.000
Target,2016-08-04 11:26:47.000
Target,2016-09-02 05:22:21.000
Target,2016-09-02 05:42:16.000
Target,2016-10-02 08:20:34.000
Target,2016-10-02 08:22:08.000
Target,2016-11-01 12:45:09.000
Target,2016-11-01 13:03:33.000
Target,2016-12-01 00:34:46.000
Target,2016-12-01 00:43:41.000
Target,2016-12-31 17:05:01.000
Target,2016-12-31 17:21:47.000
Tech Data,2016-07-02 19:36:30.000
Tech Data,2016-08-01 07:05:20.000
Tech Data,2016-08-31 17:39:24.000
Tech Data,2016-08-31 17:56:12.000
Tech Data,2016-09-30 02:53:29.000
Tech Data,2016-09-30 03:01:10.000
Tech Data,2016-10-29 05:33:32.000
Tech Data,2016-11-28 14:38:29.000
Tech Data,2016-12-28 02:23:15.000
Tenet Healthcare,2016-08-10 16:21:32.000
Tenet Healthcare,2016-08-10 16:34:31.000
Tenet Healthcare,2016-09-09 03:06:14.000
Tenet Healthcare,2016-09-09 03:19:50.000
Tenet Healthcare,2016-10-08 17:31:23.000
Tenet Healthcare,2016-11-07 13:26:36.000
Tenet Healthcare,2016-11-07 13:46:06.000
Tenet Healthcare,2016-12-06 10:05:56.000
Tenneco,2016-12-02 04:35:16.000
Tenneco,2016-12-02 04:45:14.000
Tenneco,2017-01-01 01:03:32.000
Tenneco,2017-01-01 01:15:22.000
Tesoro,2016-12-01 19:57:35.000
Tesoro,2016-12-01 20:13:28.000
Tesoro,2016-12-31 00:14:48.000
Tesoro,2016-12-31 00:15:29.000
Texas Instruments,2015-11-15 04:53:29.000
Texas Instruments,2015-12-15 13:16:27.000
Texas Instruments,2015-12-15 13:24:00.000
Texas Instruments,2016-01-13 00:29:57.000
Texas Instruments,2016-02-12 12:40:54.000
Texas Instruments,2016-02-12 12:47:23.000
Texas Instruments,2016-03-12 00:28:39.000
Texas Instruments,2016-04-10 10:36:10.000
Texas Instruments,2016-04-10 10:47:35.000
Texas Instruments,2016-05-10 22:33:22.000
Texas Instruments,2016-06-09 08:40:17.000
Texas Instruments,2016-06-09 09:00:30.000
Texas Instruments,2016-07-09 12:14:41.000
Texas Instruments,2016-07-09 12:19:42.000
Texas Instruments,2016-08-07 23:37:20.000
Texas Instruments,2016-09-06 00:17:16.000
Texas Instruments,2016-09-06 00:17:24.000
Texas Instruments,2016-10-05 02:41:24.000
Texas Instruments,2016-10-05 02:45:38.000
Texas Instruments,2016-11-03 03:24:03.000
Texas Instruments,2016-12-02 18:37:30.000
Texas Instruments,2016-12-31 17:45:43.000
Texas Instruments,2016-12-31 17:46:00.000
Textron,2016-05-22 00:43:50.000
Textron,2016-06-21 00:51:53.000
Textron,2016-07-20 01:41:48.000
Textron,2016-08-19 11:25:19.000
Textron,2016-09-18 18:41:53.000
Textron,2016-10-17 07:58:14.000
Textron,2016-10-17 08:01:23.000
Textron,2016-11-16 06:50:12.000
Textron,2016-11-16 06:53:33.000
Textron,2016-12-16 03:40:20.000
Textron,2016-12-16 03:41:01.000
Thermo Fisher Scientific,2013-12-23 07:09:20.000
Thermo Fisher Scientific,2013-12-23 07:18:28.000
Thermo Fisher Scientific,2014-01-21 21:59:53.000
Thermo Fisher Scientific,2014-02-19 02:56:48.000
Thermo Fisher Scientific,2014-03-20 09:13:33.000
Thermo Fisher Scientific,2014-04-18 07:01:00.000
Thermo Fisher Scientific,2014-04-18 07:17:55.000
Thermo Fisher Scientific,2014-05-18 23:31:34.000
Thermo Fisher Scientific,2014-06-16 08:43:01.000
Thermo Fisher Scientific,2014-06-16 08:48:33.000
Thermo Fisher Scientific,2014-07-15 04:07:00.000
Thermo Fisher Scientific,2014-07-15 04:27:29.000
Thermo Fisher Scientific,2014-08-14 12:28:53.000
Thermo Fisher Scientific,2014-09-13 10:42:34.000
Thermo Fisher Scientific,2014-10-13 02:15:15.000
Thermo Fisher Scientific,2014-11-12 23:18:39.000
Thermo Fisher Scientific,2014-11-12 23:24:12.000
Thermo Fisher Scientific,2014-12-11 15:57:36.000
Thermo Fisher Scientific,2015-01-10 18:02:37.000
Thermo Fisher Scientific,2015-01-10 18:10:39.000
Thermo Fisher Scientific,2015-02-08 06:35:16.000
Thermo Fisher Scientific,2015-02-08 06:49:08.000
Thermo Fisher Scientific,2015-03-09 09:55:51.000
Thermo Fisher Scientific,2015-03-09 10:15:18.000
Thermo Fisher Scientific,2015-04-08 21:19:30.000
Thermo Fisher Scientific,2015-05-08 14:41:32.000
Thermo Fisher Scientific,2015-06-07 01:00:01.000
Thermo Fisher Scientific,2015-06-07 01:10:34.000
Thermo Fisher Scientific,2015-07-07 03:20:30.000
Thermo Fisher Scientific,2015-07-07 03:31:45.000
Thermo Fisher Scientific,2015-08-06 13:32:37.000
Thermo Fisher Scientific,2015-09-04 18:11:27.000
Thermo Fisher Scientific,2015-10-04 22:22:51.000
Thermo Fisher Scientific,2015-11-02 03:38:27.000
Thermo Fisher Scientific,2015-12-01 16:45:52.000
Thermo Fisher Scientific,2015-12-01 17:01:48.000
Thermo Fisher Scientific,2015-12-31 23:15:35.000
Thermo Fisher Scientific,2015-12-31 23:21:15.000
Thermo Fisher Scientific,2016-01-29 12:22:44.000
Thermo Fisher Scientific,2016-02-28 02:22:30.000
Thermo Fisher Scientific,2016-02-28 02:30:23.000
Thermo Fisher Scientific,2016-03-29 18:40:55.000
Thermo Fisher Scientific,2016-03-29 18:57:26.000
Thermo Fisher Scientific,2016-04-27 13:25:11.000
Thermo Fisher Scientific,2016-05-27 02:13:09.000
Thermo Fisher Scientific,2016-05-27 02:13:56.000
Thermo Fisher Scientific,2016-06-26 13:17:44.000
Thermo Fisher Scientific,2016-06-26 13:19:43.000
Thermo Fisher Scientific,2016-07-25 14:19:40.000
Thermo Fisher Scientific,2016-07-25 14:24:27.000
Thermo Fisher Scientific,2016-08-23 07:16:23.000
Thermo Fisher Scientific,2016-08-23 07:26:27.000
Thermo Fisher Scientific,2016-09-21 10:32:33.000
Thermo Fisher Scientific,2016-09-21 10:48:36.000
Thermo Fisher Scientific,2016-10-20 21:15:34.000
Thermo Fisher Scientific,2016-11-18 14:33:48.000
Thermo Fisher Scientific,2016-11-18 14:50:55.000
Thermo Fisher Scientific,2016-12-17 12:49:50.000
Thermo Fisher Scientific,2016-12-17 13:02:50.000
Thrivent Financial for Lutherans,2016-01-31 17:14:27.000
Thrivent Financial for Lutherans,2016-03-01 13:38:42.000
Thrivent Financial for Lutherans,2016-03-01 13:51:19.000
Thrivent Financial for Lutherans,2016-03-30 00:27:29.000
Thrivent Financial for Lutherans,2016-03-30 00:30:29.000
Thrivent Financial for Lutherans,2016-04-29 04:43:29.000
Thrivent Financial for Lutherans,2016-04-29 04:45:15.000
Thrivent Financial for Lutherans,2016-05-29 12:16:48.000
Thrivent Financial for Lutherans,2016-05-29 12:42:21.000
Thrivent Financial for Lutherans,2016-06-28 12:00:16.000
Thrivent Financial for Lutherans,2016-06-28 12:13:07.000
Thrivent Financial for Lutherans,2016-07-27 05:51:27.000
Thrivent Financial for Lutherans,2016-07-27 05:58:37.000
Thrivent Financial for Lutherans,2016-08-26 17:23:38.000
Thrivent Financial for Lutherans,2016-09-25 02:14:02.000
Thrivent Financial for Lutherans,2016-09-25 02:19:46.000
Thrivent Financial for Lutherans,2016-10-24 04:56:03.000
Thrivent Financial for Lutherans,2016-11-22 15:06:53.000
Thrivent Financial for Lutherans,2016-11-22 15:12:50.000
Thrivent Financial for Lutherans,2016-12-22 15:02:23.000
Thrivent Financial for Lutherans,2016-12-22 15:21:50.000
Time Warner,2015-12-11 12:12:20.000
Time Warner,2015-12-11 12:31:31.000
Time Warner,2016-01-09 23:20:31.000
Time Warner,2016-02-07 07:55:36.000
Time Warner,2016-02-07 08:11:15.000
Time Warner,2016-03-08 22:56:12.000
Time Warner,2016-03-08 23:15:16.000
Time Warner,2016-04-06 05:16:53.000
Time Warner,2016-04-06 05:23:59.000
Time Warner,2016-05-05 08:54:28.000
Time Warner,2016-05-05 09:13:05.000
Time Warner,2016-06-03 07:39:10.000
Time Warner,2016-06-03 07:43:16.000
Time Warner,2016-07-02 18:28:28.000
Time Warner,2016-08-01 20:54:43.000
Time Warner,2016-08-01 21:01:18.000
Time Warner,2016-08-30 03:08:05.000
Time Warner,2016-09-28 10:46:53.000
Time Warner Cable,2016-05-21 12:07:23.000
Time Warner Cable,2016-06-19 21:22:55.000
Time Warner Cable,2016-07-19 09:39:45.000
Time Warner Cable,2016-07-19 10:01:37.000
Time Warner Cable,2016-08-18 10:06:27.000
Time Warner Cable,2016-09-16 22:05:16.000
Time Warner Cable,2016-10-16 18:57:38.000
Time Warner Cable,2016-10-16 19:02:21.000
Time Warner Cable,2016-11-15 04:51:57.000
Time Warner Cable,2016-11-15 04:57:41.000
Time Warner Cable,2016-12-14 20:24:45.000
Time Warner Cable,2016-12-14 20:31:33.000
Toys 'R' Us,2016-05-28 12:14:24.000
Toys 'R' Us,2016-05-28 12:23:19.000
Toys 'R' Us,2016-06-26 06:57:03.000
Toys 'R' Us,2016-06-26 07:02:00.000
Toys 'R' Us,2016-07-25 04:46:35.000
Toys 'R' Us,2016-07-25 04:48:57.000
Toys 'R' Us,2016-08-24 15:31:28.000
Toys 'R' Us,2016-09-22 09:14:32.000
Toys 'R' Us,2016-10-21 12:25:06.000
Toys 'R' Us,2016-11-19 03:48:16.000
Toys 'R' Us,2016-12-18 17:08:52.000
Toys 'R' Us,2016-12-18 17:33:05.000
Travelers Cos.,2014-10-05 15:31:17.000
Travelers Cos.,2014-10-05 15:37:22.000
Travelers Cos.,2014-11-03 21:02:19.000
Travelers Cos.,2014-11-03 21:09:11.000
Travelers Cos.,2014-12-02 02:53:33.000
Travelers Cos.,2015-01-01 14:40:53.000
Travelers Cos.,2015-01-01 14:42:53.000
Travelers Cos.,2015-01-30 10:33:51.000
Travelers Cos.,2015-02-28 07:18:27.000
Travelers Cos.,2015-03-30 08:08:12.000
Travelers Cos.,2015-03-30 08:14:29.000
Travelers Cos.,2015-05-28 20:41:16.000
Travelers Cos.,2015-06-27 10:11:45.000
Travelers Cos.,2015-06-27 10:27:20.000
Travelers Cos.,2015-07-26 06:50:43.000
Travelers Cos.,2015-08-24 06:12:29.000
Travelers Cos.,2015-08-24 06:26:36.000
Travelers Cos.,2015-09-22 14:22:42.000
Travelers Cos.,2015-09-22 14:34:44.000
Travelers Cos.,2015-10-21 05:24:31.000
Travelers Cos.,2015-10-21 05:28:26.000
Travelers Cos.,2015-11-20 11:17:35.000
Travelers Cos.,2015-11-20 11:17:48.000
Travelers Cos.,2015-12-20 08:11:07.000
Travelers Cos.,2015-12-20 08:20:22.000
Travelers Cos.,2016-01-19 07:25:00.000
Travelers Cos.,2016-01-19 07:25:39.000
Travelers Cos.,2016-02-18 13:54:44.000
Travelers Cos.,2016-02-18 13:57:56.000
Twenty-First Century Fox,2013-12-18 10:36:28.000
Twenty-First Century Fox,2014-01-17 15:39:45.000
Twenty-First Century Fox,2014-02-16 09:11:35.000
Twenty-First Century Fox,2014-02-16 09:15:42.000
Twenty-First Century Fox,2014-03-18 11:47:39.000
Twenty-First Century Fox,2014-03-18 12:08:21.000
Twenty-First Century Fox,2014-04-16 17:02:01.000
Twenty-First Century Fox,2014-04-16 17:02:02.000
Twenty-First Century Fox,2014-05-16 05:05:30.000
Twenty-First Century Fox,2014-06-14 12:47:24.000
Twenty-First Century Fox,2014-07-13 21:33:09.000
Twenty-First Century Fox,2014-07-13 21:35:52.000
Twenty-First Century Fox,2014-08-11 21:06:43.000
Twenty-First Century Fox,2014-09-09 13:42:38.000
Twenty-First Century Fox,2014-09-09 13:53:09.000
Twenty-First Century Fox,2014-10-09 23:59:18.000
Twenty-First Century Fox,2014-10-10 00:23:12.000
Twenty-First Century Fox,2014-11-07 12:59:55.000
Twenty-First Century Fox,2014-12-06 19:48:47.000
Twenty-First Century Fox,2015-01-05 13:52:01.000
Twenty-First Century Fox,2015-01-05 13:53:42.000
Twenty-First Century Fox,2015-02-04 23:04:37.000
Twenty-First Century Fox,2015-02-04 23:05:04.000
Twenty-First Century Fox,2015-03-05 10:52:50.000
Twenty-First Century Fox,2015-03-05 10:57:22.000
Twenty-First Century Fox,2015-04-04 22:06:36.000
Twenty-First Century Fox,2015-04-04 22:19:55.000
Tyson Foods,2014-07-12 10:04:05.000
Tyson Foods,2014-08-11 05:43:29.000
Tyson Foods,2014-09-09 22:15:05.000
Tyson Foods,2014-09-09 22:19:52.000
Tyson Foods,2014-10-08 06:15:35.000
Tyson Foods,2014-12-06 15:53:26.000
Tyson Foods,2015-01-04 00:46:14.000
Tyson Foods,2015-01-04 00:48:31.000
Tyson Foods,2015-02-03 07:24:05.000
Tyson Foods,2015-03-04 20:52:14.000
Tyson Foods,2015-03-04 20:54:17.000
Tyson Foods,2015-04-02 15:55:00.000
Tyson Foods,2015-04-02 15:56:00.000
Tyson Foods,2015-05-02 03:04:00.000
Tyson Foods,2015-05-02 03:04:54.000
Tyson Foods,2015-05-31 13:15:15.000
Tyson Foods,2015-06-29 13:46:54.000
Tyson Foods,2015-07-28 16:37:40.000
Tyson Foods,2015-08-28 00:12:59.000
Tyson Foods,2015-09-25 01:27:59.000
Tyson Foods,2015-10-25 04:54:29.000
Tyson Foods,2015-10-25 05:10:09.000
Tyson Foods,2015-11-23 16:41:51.000
Tyson Foods,2015-11-23 16:42:38.000
Tyson Foods,2015-12-22 01:39:45.000
Tyson Foods,2015-12-22 01:54:45.000
Tyson Foods,2016-01-20 07:52:41.000
Tyson Foods,2016-01-20 07:52:58.000
Tyson Foods,2016-02-18 04:35:21.000
Tyson Foods,2016-03-19 01:03:53.000
Tyson Foods,2016-03-19 01:08:44.000
Tyson Foods,2016-04-18 11:48:58.000
Tyson Foods,2016-05-18 02:15:19.000
Tyson Foods,2016-06-16 13:06:31.000
Tyson Foods,2016-06-16 13:07:23.000
Tyson Foods,2016-07-16 15:30:31.000
Tyson Foods,2016-08-15 20:53:58.000
Tyson Foods,2016-09-14 02:08:09.000
Tyson Foods,2016-10-13 00:47:27.000
Tyson Foods,2016-10-13 00:50:14.000
Tyson Foods,2016-11-12 02:56:00.000
Tyson Foods,2016-12-12 04:53:37.000
U.S. Bancorp,2015-04-20 20:59:42.000
U.S. Bancorp,2015-04-20 21:03:06.000
U.S. Bancorp,2015-05-20 11:12:45.000
U.S. Bancorp,2015-05-20 11:38:29.000
U.S. Bancorp,2015-06-19 10:32:42.000
U.S. Bancorp,2015-07-18 18:59:52.000
UPS,2017-01-01 06:11:07.000
UPS,2017-01-01 06:30:42.000
US Foods Holding,2016-07-15 23:05:09.000
US Foods Holding,2016-07-15 23:26:09.000
US Foods Holding,2016-09-13 14:24:38.000
US Foods Holding,2016-10-12 02:57:20.000
US Foods Holding,2016-11-10 20:36:42.000
US Foods Holding,2016-11-10 20:39:09.000
US Foods Holding,2016-12-10 21:55:10.000
USAA,2016-08-22 15:33:26.000
USAA,2016-08-22 15:49:51.000
USAA,2016-09-21 14:25:42.000
USAA,2016-10-20 00:36:16.000
USAA,2016-10-20 00:56:15.000
USAA,2016-11-18 08:57:09.000
USAA,2016-11-18 09:08:09.000
USAA,2016-12-17 13:28:34.000
USAA,2016-12-17 13:42:16.000
Union Pacific,2016-05-22 18:58:00.000
Union Pacific,2016-06-21 13:15:07.000
Union Pacific,2016-07-21 09:14:40.000
Union Pacific,2016-07-21 09:22:31.000
Union Pacific,2016-09-19 18:08:35.000
Union Pacific,2016-09-19 18:31:46.000
Union Pacific,2016-10-18 11:37:49.000
Union Pacific,2016-11-17 10:13:43.000
Union Pacific,2016-12-17 13:47:09.000
Union Pacific,2016-12-17 13:58:52.000
United Continental Holdings,2013-12-09 15:39:02.000
United Continental Holdings,2013-12-09 15:42:23.000
United Continental Holdings,2014-01-07 00:36:19.000
United Continental Holdings,2014-01-07 00:38:42.000
United Continental Holdings,2014-02-06 23:20:11.000
United Continental Holdings,2014-03-07 09:29:31.000
United Continental Holdings,2014-03-07 09:46:34.000
United Continental Holdings,2014-04-06 21:01:23.000
United Continental Holdings,2014-05-06 21:43:34.000
United Continental Holdings,2014-05-06 21:47:23.000
United Continental Holdings,2014-06-04 19:32:58.000
United Continental Holdings,2014-06-04 19:33:33.000
United Continental Holdings,2014-07-04 21:37:26.000
United Continental Holdings,2014-07-04 21:53:33.000
United Continental Holdings,2014-08-03 10:02:20.000
United Continental Holdings,2014-08-03 10:16:28.000
United Continental Holdings,2014-09-30 21:05:53.000
United Continental Holdings,2014-09-30 21:11:55.000
United Continental Holdings,2014-10-29 06:18:33.000
United Continental Holdings,2014-10-29 06:30:58.000
United Continental Holdings,2014-11-27 04:06:14.000
United Continental Holdings,2014-12-27 10:02:21.000
United Continental Holdings,2014-12-27 10:05:31.000
United Continental Holdings,2015-01-26 10:46:48.000
United Continental Holdings,2015-02-25 23:42:16.000
United Continental Holdings,2015-03-27 06:42:19.000
United Continental Holdings,2015-03-27 06:47:21.000
United Continental Holdings,2015-04-26 13:55:54.000
United Continental Holdings,2015-05-25 14:00:49.000
United Continental Holdings,2015-05-25 14:14:19.000
United Continental Holdings,2015-07-23 19:35:29.000
United Continental Holdings,2015-07-23 19:40:07.000
United Continental Holdings,2015-08-22 20:00:06.000
United Continental Holdings,2015-09-20 12:13:09.000
United Continental Holdings,2015-09-20 12:33:53.000
United Continental Holdings,2015-10-19 00:42:25.000
United Continental Holdings,2015-10-19 00:43:48.000
United Continental Holdings,2015-11-18 20:32:40.000
United Continental Holdings,2015-11-18 20:43:39.000
United Continental Holdings,2015-12-18 16:51:47.000
United Continental Holdings,2015-12-18 16:58:46.000
United Continental Holdings,2016-01-16 18:08:02.000
United Continental Holdings,2016-01-16 18:34:59.000
United Continental Holdings,2016-02-14 11:47:52.000
United Continental Holdings,2016-03-15 17:22:12.000
United Continental Holdings,2016-03-15 17:23:49.000
United Continental Holdings,2016-04-14 08:25:20.000
United Continental Holdings,2016-04-14 08:26:33.000
United Continental Holdings,2016-05-13 14:13:24.000
United Continental Holdings,2016-05-13 14:18:48.000
United Continental Holdings,2016-06-11 11:56:20.000
United Continental Holdings,2016-06-11 12:06:43.000
United Continental Holdings,2016-07-11 16:53:32.000
United Continental Holdings,2016-08-10 02:42:31.000
United Continental Holdings,2016-08-10 02:48:13.000
United Continental Holdings,2016-09-09 02:34:53.000
United Continental Holdings,2016-09-09 02:53:53.000
United Continental Holdings,2016-10-08 16:02:58.000
United Continental Holdings,2016-10-08 16:10:25.000
United Continental Holdings,2016-11-07 03:27:36.000
United Continental Holdings,2016-11-07 03:45:52.000
United Continental Holdings,2016-12-06 01:41:14.000
United Continental Holdings,2016-12-06 01:41:22.000
United Natural Foods,2013-12-10 16:10:52.000
United Natural Foods,2013-12-10 16:25:51.000
United Natural Foods,2014-01-09 19:58:26.000
United Natural Foods,2014-02-07 16:28:21.000
United Natural Foods,2014-02-07 16:42:43.000
United Natural Foods,2014-03-08 15:33:55.000
United Natural Foods,2014-03-08 15:56:17.000
United Natural Foods,2014-04-07 22:39:01.000
United Natural Foods,2014-04-07 22:42:00.000
United Natural Foods,2014-05-07 22:52:36.000
United Natural Foods,2014-06-05 00:44:41.000
United Natural Foods,2014-06-05 01:04:56.000
United Natural Foods,2014-07-04 13:19:03.000
United Natural Foods,2014-08-03 02:42:35.000
United Natural Foods,2014-08-03 02:45:24.000
United Natural Foods,2014-09-02 10:14:24.000
United Natural Foods,2014-10-02 18:44:12.000
United Natural Foods,2014-10-02 18:58:42.000
United Natural Foods,2014-10-31 09:08:00.000
United Natural Foods,2014-10-31 09:10:49.000
United Natural Foods,2014-11-29 06:18:32.000
United Natural Foods,2014-11-29 06:22:35.000
United Natural Foods,2014-12-29 04:40:43.000
United Natural Foods,2015-01-28 07:32:23.000
United Natural Foods,2015-01-28 07:51:41.000
United States Steel,2013-12-06 12:55:22.000
United States Steel,2013-12-06 12:57:41.000
United States Steel,2014-01-04 08:46:51.000
United States Steel,2014-02-03 13:25:28.000
United States Steel,2014-02-03 13:26:44.000
United States Steel,2014-03-04 19:04:27.000
United States Steel,2014-03-04 19:17:46.000
United States Steel,2014-04-03 01:25:23.000
United States Steel,2014-05-03 06:19:37.000
United States Steel,2014-06-02 18:34:32.000
United States Steel,2014-06-02 18:50:30.000
United States Steel,2014-07-02 09:40:10.000
United States Steel,2014-07-02 09:40:32.000
United States Steel,2014-08-01 21:04:13.000
United States Steel,2014-08-01 21:05:02.000
United States Steel,2014-08-30 17:36:18.000
United States Steel,2014-08-30 17:40:56.000
United States Steel,2014-09-28 19:17:50.000
United States Steel,2014-09-28 19:35:12.000
United States Steel,2014-10-27 14:32:53.000
United States Steel,2014-10-27 14:36:45.000
United States Steel,2014-11-26 18:57:47.000
United States Steel,2014-12-25 16:19:32.000
United States Steel,2015-01-23 04:37:52.000
United States Steel,2015-01-23 04:52:32.000
United States Steel,2015-02-21 10:42:51.000
United States Steel,2015-04-21 20:41:32.000
United States Steel,2015-04-21 20:44:31.000
United States Steel,2015-05-20 10:49:24.000
United States Steel,2015-06-18 04:20:23.000
United States Steel,2015-06-18 04:38:41.000
United States Steel,2015-07-17 20:22:16.000
United States Steel,2015-07-17 20:26:57.000
United States Steel,2015-08-16 02:55:15.000
United States Steel,2015-08-16 03:17:31.000
United States Steel,2015-09-15 17:26:03.000
United States Steel,2015-10-15 19:59:52.000
United States Steel,2015-11-13 02:58:52.000
United States Steel,2015-11-13 03:05:21.000
United States Steel,2015-12-13 04:21:32.000
United States Steel,2016-01-12 16:35:19.000
United States Steel,2016-01-12 16:38:10.000
United States Steel,2016-02-10 09:44:08.000
United States Steel,2016-02-10 09:56:32.000
United States Steel,2016-03-10 16:01:51.000
United States Steel,2016-04-09 16:40:45.000
United States Steel,2016-04-09 16:53:00.000
United States Steel,2016-05-08 12:33:07.000
United States Steel,2016-05-08 12:46:29.000
United States Steel,2016-06-07 16:28:03.000
United States Steel,2016-06-07 16:36:36.000
United States Steel,2016-07-07 05:53:49.000
United States Steel,2016-07-07 06:00:31.000
United States Steel,2016-08-05 03:20:07.000
United States Steel,2016-08-05 03:36:39.000
United States Steel,2016-09-04 12:45:27.000
United States Steel,2016-09-04 12:53:15.000
United States Steel,2016-10-04 04:55:24.000
United States Steel,2016-10-04 05:03:06.000
United States Steel,2016-11-03 20:44:49.000
United States Steel,2016-11-03 20:55:02.000
United States Steel,2016-12-03 12:06:35.000
United States Steel,2016-12-03 12:25:18.000
United States Steel,2017-01-01 13:57:21.000
United States Steel,2017-01-01 14:05:39.000
United Technologies,2013-12-28 12:54:50.000
United Technologies,2014-01-27 13:39:28.000
United Technologies,2014-01-27 13:54:19.000
United Technologies,2014-02-25 21:21:50.000
United Technologies,2014-02-25 21:34:12.000
United Technologies,2014-03-27 15:09:57.000
United Technologies,2014-03-27 15:31:34.000
United Technologies,2014-04-26 16:59:55.000
United Technologies,2014-04-26 17:15:49.000
United Technologies,2014-05-25 01:04:11.000
United Technologies,2014-05-25 01:25:36.000
United Technologies,2014-06-23 09:53:27.000
United Technologies,2014-06-23 09:58:21.000
United Technologies,2014-07-22 22:22:41.000
United Technologies,2014-08-21 13:30:50.000
United Technologies,2014-08-21 13:32:31.000
United Technologies,2014-09-19 01:53:01.000
United Technologies,2014-09-19 02:07:43.000
United Technologies,2014-10-18 00:56:59.000
United Technologies,2014-11-16 08:47:56.000
United Technologies,2014-11-16 08:59:24.000
United Technologies,2014-12-16 18:52:06.000
United Technologies,2014-12-16 19:02:22.000
United Technologies,2015-01-15 05:09:23.000
United Technologies,2015-01-15 05:22:16.000
United Technologies,2015-02-13 04:36:33.000
United Technologies,2015-02-13 04:50:59.000
United Technologies,2015-03-14 04:47:07.000
United Technologies,2015-03-14 05:04:08.000
United Technologies,2015-04-13 07:16:11.000
United Technologies,2015-04-13 07:34:40.000
United Technologies,2015-05-12 01:48:52.000
United Technologies,2015-05-12 02:03:25.000
United Technologies,2015-06-10 02:00:06.000
United Technologies,2015-07-09 16:15:20.000
United Technologies,2015-07-09 16:22:56.000
United Technologies,2015-08-08 18:23:24.000
United Technologies,2015-08-08 18:32:26.000
United Technologies,2015-09-06 18:05:19.000
United Technologies,2015-10-06 08:40:00.000
United Technologies,2015-11-04 08:41:45.000
United Technologies,2015-12-04 19:53:46.000
United Technologies,2015-12-04 19:54:50.000
United Technologies,2016-01-03 18:27:49.000
United Technologies,2016-01-03 18:39:42.000
United Technologies,2016-02-01 23:28:17.000
United Technologies,2016-02-01 23:28:27.000
United Technologies,2016-03-02 03:13:46.000
United Technologies,2016-04-01 16:01:34.000
United Technologies,2016-04-01 16:05:35.000
United Technologies,2016-05-01 13:00:36.000
United Technologies,2016-05-01 13:12:18.000
United Technologies,2016-05-31 20:02:15.000
United Technologies,2016-06-29 01:52:48.000
United Technologies,2016-07-29 08:30:06.000
United Technologies,2016-07-29 08:37:44.000
United Technologies,2016-08-28 11:08:07.000
United Technologies,2016-09-28 00:18:30.000
UnitedHealth Group,2016-08-02 20:13:27.000
UnitedHealth Group,2016-09-01 05:38:19.000
UnitedHealth Group,2016-10-01 00:48:28.000
UnitedHealth Group,2016-10-31 06:47:30.000
UnitedHealth Group,2016-10-31 07:04:25.000
UnitedHealth Group,2016-11-30 07:31:16.000
UnitedHealth Group,2016-11-30 07:32:58.000
UnitedHealth Group,2016-12-30 08:45:43.000
UnitedHealth Group,2016-12-30 08:48:45.000
Univar,2016-09-02 19:13:14.000
Univar,2016-09-02 19:21:16.000
Univar,2016-10-01 19:54:00.000
Univar,2016-10-01 19:55:17.000
Univar,2016-10-30 02:58:33.000
Univar,2016-10-30 03:13:54.000
Univar,2016-11-29 05:01:42.000
Univar,2016-11-29 05:17:31.000
Univar,2016-12-28 05:48:17.000
Universal Health Services,2016-12-02 09:21:22.000
Universal Health Services,2016-12-31 09:04:40.000
Unum Group,2016-08-03 02:47:17.000
Unum Group,2016-09-01 07:48:59.000
Unum Group,2016-09-01 07:58:55.000
Unum Group,2016-10-01 08:01:36.000
Unum Group,2016-10-01 08:07:48.000
Unum Group,2016-10-31 11:35:54.000
Unum Group,2016-10-31 11:58:06.000
Unum Group,2016-11-29 10:07:40.000
Unum Group,2016-12-28 23:13:27.000
VF,2016-02-09 07:32:47.000
VF,2016-02-09 07:39:54.000
VF,2016-03-09 14:38:49.000
VF,2016-03-09 14:48:23.000
Valero Energy,2016-07-07 14:02:50.000
Valero Energy,2016-08-06 23:24:02.000
Valero Energy,2016-08-06 23:33:32.000
Valero Energy,2016-09-05 21:50:10.000
Valero Energy,2016-09-05 21:50:12.000
Valero Energy,2016-10-04 14:28:31.000
Valero Energy,2016-10-04 14:28:50.000
Valero Energy,2016-11-03 22:54:49.000
Valero Energy,2016-11-03 22:55:42.000
Valero Energy,2016-12-02 22:38:36.000
Valero Energy,2016-12-02 22:47:08.000
Valero Energy,2017-01-01 05:23:52.000
Valero Energy,2017-01-01 05:37:16.000
Veritiv,2016-11-03 02:50:15.000
Veritiv,2016-11-03 02:52:50.000
Veritiv,2016-12-02 08:28:03.000
Veritiv,2016-12-02 08:49:06.000
Veritiv,2016-12-31 23:09:36.000
Verizon,2015-08-26 00:32:35.000
Verizon,2015-08-26 00:40:39.000
Verizon,2015-09-25 13:56:00.000
Verizon,2015-09-25 14:22:24.000
Verizon,2015-10-24 15:43:59.000
Verizon,2015-10-24 15:55:41.000
Verizon,2015-11-22 17:26:40.000
Verizon,2015-11-22 17:44:18.000
Verizon,2015-12-21 00:55:45.000
Verizon,2015-12-21 01:14:30.000
Verizon,2016-01-20 15:31:29.000
Verizon,2016-02-19 18:07:00.000
Verizon,2016-03-19 07:18:30.000
Verizon,2016-04-18 15:26:58.000
Verizon,2016-04-18 15:28:24.000
Verizon,2016-05-17 13:18:04.000
Verizon,2016-06-16 22:05:07.000
Verizon,2016-07-15 03:35:43.000
Verizon,2016-07-15 03:41:26.000
Verizon,2016-08-13 20:41:27.000
Verizon,2016-09-11 23:05:16.000
Verizon,2016-09-11 23:20:42.000
Verizon,2016-10-10 10:40:21.000
Verizon,2016-10-10 10:54:31.000
Verizon,2016-11-08 02:29:47.000
Verizon,2016-11-08 02:36:27.000
Verizon,2016-12-07 18:48:16.000
Viacom,2016-02-07 10:15:09.000
Viacom,2016-03-07 05:36:38.000
Viacom,2016-04-05 20:29:43.000
Viacom,2016-04-05 20:42:32.000
Viacom,2016-05-05 02:47:04.000
Viacom,2016-06-03 11:02:59.000
Viacom,2016-07-03 19:10:15.000
Viacom,2016-08-02 05:23:43.000
Viacom,2016-08-31 10:41:13.000
Viacom,2016-08-31 10:49:23.000
Viacom,2016-09-29 15:10:38.000
Viacom,2016-10-29 18:28:58.000
Viacom,2016-11-27 07:24:46.000
Viacom,2016-12-26 17:04:41.000
Visa,2016-04-12 00:15:35.000
Visa,2016-04-12 00:28:41.000
Visa,2016-05-11 01:14:00.000
Visa,2016-06-10 12:40:36.000
Visa,2016-07-09 06:16:21.000
Visa,2016-07-09 06:45:22.000
Visa,2016-09-06 14:26:06.000
Visa,2016-09-06 14:50:02.000
Visa,2016-10-06 14:54:29.000
Visa,2016-10-06 15:09:13.000
Visa,2016-11-04 18:33:35.000
Visa,2016-12-03 19:10:44.000
Visa,2016-12-03 19:21:45.000
Visa,2017-01-01 08:32:02.000
Visa,2017-01-01 08:34:38.000
Voya Financial,2016-08-14 08:57:00.000
Voya Financial,2016-08-14 09:12:55.000
Voya Financial,2016-09-13 01:31:28.000
Voya Financial,2016-10-13 20:57:54.000
Voya Financial,2016-10-13 21:16:11.000
Voya Financial,2016-11-11 02:43:33.000
Voya Financial,2016-12-10 13:15:16.000
W.W. Grainger,2017-01-01 23:50:16.000
W.W. Grainger,2017-01-02 00:02:40.000
Walgreens Boots Alliance,2013-12-17 23:02:57.000
Walgreens Boots Alliance,2014-01-16 12:41:35.000
Walgreens Boots Alliance,2014-02-14 08:36:49.000
Walgreens Boots Alliance,2014-03-16 04:32:25.000
Walgreens Boots Alliance,2014-03-16 04:54:17.000
Walgreens Boots Alliance,2014-04-14 13:50:16.000
Walgreens Boots Alliance,2014-04-14 13:50:32.000
Walgreens Boots Alliance,2014-05-14 05:25:30.000
Walgreens Boots Alliance,2014-06-13 09:44:25.000
Walgreens Boots Alliance,2014-07-13 15:23:10.000
Walgreens Boots Alliance,2014-07-13 15:36:01.000
Walgreens Boots Alliance,2014-08-12 04:53:21.000
Walgreens Boots Alliance,2014-09-10 19:12:10.000
Walgreens Boots Alliance,2014-10-10 14:13:28.000
Walgreens Boots Alliance,2014-10-10 14:37:08.000
Walgreens Boots Alliance,2014-11-09 21:56:16.000
Walgreens Boots Alliance,2014-11-09 22:03:16.000
Walgreens Boots Alliance,2014-12-09 12:44:04.000
Walgreens Boots Alliance,2014-12-09 12:46:46.000
Walgreens Boots Alliance,2015-01-08 07:23:41.000
Walgreens Boots Alliance,2015-02-06 13:29:48.000
Walgreens Boots Alliance,2015-02-06 13:39:30.000
Walgreens Boots Alliance,2015-03-08 06:05:39.000
Walgreens Boots Alliance,2015-03-08 06:12:47.000
Walgreens Boots Alliance,2015-04-06 03:14:32.000
Walgreens Boots Alliance,2015-04-06 03:23:33.000
Walgreens Boots Alliance,2015-05-06 13:45:56.000
Walgreens Boots Alliance,2015-05-06 13:47:28.000
Walgreens Boots Alliance,2015-06-05 17:35:06.000
Walgreens Boots Alliance,2015-06-05 17:39:25.000
Walgreens Boots Alliance,2015-07-04 20:58:59.000
Walgreens Boots Alliance,2015-08-03 18:02:01.000
Walgreens Boots Alliance,2015-09-01 09:08:48.000
Walgreens Boots Alliance,2015-10-01 22:39:36.000
Walgreens Boots Alliance,2015-10-01 22:44:46.000
Walgreens Boots Alliance,2015-10-31 08:48:08.000
Walgreens Boots Alliance,2015-10-31 08:53:50.000
Walgreens Boots Alliance,2015-11-29 06:01:34.000
Walgreens Boots Alliance,2015-12-28 11:30:53.000
Walgreens Boots Alliance,2016-01-26 19:59:47.000
Walgreens Boots Alliance,2016-02-25 17:27:19.000
Walgreens Boots Alliance,2016-02-25 17:33:00.000
Walgreens Boots Alliance,2016-03-25 19:26:28.000
Walgreens Boots Alliance,2016-04-24 16:47:51.000
Walgreens Boots Alliance,2016-05-23 02:44:46.000
Walgreens Boots Alliance,2016-05-23 02:53:33.000
Walgreens Boots Alliance,2016-06-22 05:29:19.000
Walgreens Boots Alliance,2016-07-21 15:00:45.000
Walgreens Boots Alliance,2016-08-19 22:44:43.000
Walgreens Boots Alliance,2016-09-18 09:07:46.000
Walgreens Boots Alliance,2016-10-18 09:48:33.000
Walgreens Boots Alliance,2016-10-18 09:56:10.000
Walgreens Boots Alliance,2016-11-17 09:12:10.000
Walgreens Boots Alliance,2016-12-17 22:14:14.000
Walgreens Boots Alliance,2016-12-17 22:17:49.000
Walmart,2015-10-06 17:31:14.000
Walmart,2015-11-05 03:25:21.000
Walmart,2015-11-05 03:34:33.000
Walmart,2015-12-04 04:01:09.000
Walmart,2015-12-04 04:21:55.000
Walmart,2016-01-02 00:59:09.000
Walmart,2016-01-02 01:18:24.000
Walmart,2016-02-01 19:07:32.000
Walmart,2016-02-01 19:27:27.000
Walmart,2016-03-02 15:29:32.000
Walmart,2016-03-02 15:40:29.000
Walmart,2016-04-01 11:15:27.000
Walmart,2016-04-01 11:20:18.000
Walmart,2016-05-01 15:40:04.000
Walmart,2016-05-01 15:55:51.000
Walmart,2016-05-31 21:09:48.000
Walmart,2016-05-31 21:22:48.000
Walmart,2016-06-30 12:32:05.000
Walmart,2016-07-30 03:21:57.000
Walmart,2016-07-30 03:26:30.000
Walmart,2016-08-28 06:50:58.000
Walmart,2016-08-28 07:13:39.000
Walmart,2016-09-26 23:22:47.000
Walmart,2016-09-26 23:28:25.000
Walmart,2016-10-26 20:31:30.000
Walmart,2016-11-25 23:19:37.000
Walmart,2016-11-25 23:21:32.000
Walmart,2016-12-24 05:53:13.000
Waste Management,2016-11-19 09:56:09.000
Waste Management,2016-11-19 09:59:18.000
WellCare Health Plans,2016-05-23 07:21:38.000
WellCare Health Plans,2016-05-23 07:45:58.000
Wells Fargo,2014-11-12 22:21:40.000
Wells Fargo,2014-11-12 22:32:48.000
Wells Fargo,2014-12-11 02:34:12.000
Wells Fargo,2014-12-11 02:42:26.000
Wells Fargo,2015-01-09 06:23:12.000
Wells Fargo,2015-01-09 06:43:47.000
Wells Fargo,2015-02-07 18:03:12.000
Wells Fargo,2015-02-07 18:22:06.000
Wells Fargo,2015-03-08 16:12:33.000
Wells Fargo,2015-04-07 13:01:43.000
Wells Fargo,2015-04-07 13:09:41.000
Wells Fargo,2015-05-06 17:32:30.000
Wells Fargo,2015-05-06 17:37:10.000
Wells Fargo,2015-06-04 01:49:55.000
Wells Fargo,2015-06-04 01:50:52.000
Wells Fargo,2015-07-03 18:18:41.000
Wells Fargo,2015-08-02 23:18:44.000
Wells Fargo,2015-08-02 23:28:52.000
Wells Fargo,2015-08-31 20:40:53.000
Wells Fargo,2015-08-31 20:57:23.000
Wells Fargo,2015-09-29 11:40:31.000
Wells Fargo,2015-09-29 11:52:28.000
Wells Fargo,2015-10-29 03:45:08.000
Wells Fargo,2015-10-29 04:12:56.000
Wells Fargo,2015-11-27 01:46:04.000
Wells Fargo,2015-11-27 01:54:14.000
Wells Fargo,2015-12-27 18:51:48.000
Wells Fargo,2015-12-27 19:08:47.000
Wells Fargo,2016-01-26 03:36:10.000
Wells Fargo,2016-02-25 13:00:39.000
Wells Fargo,2016-02-25 13:09:22.000
Wells Fargo,2016-03-26 09:17:30.000
Wells Fargo,2016-03-26 09:32:35.000
Wells Fargo,2016-04-24 02:27:52.000
Wells Fargo,2016-04-24 02:28:07.000
Wells Fargo,2016-05-23 18:13:17.000
Wells Fargo,2016-05-23 18:20:01.000
Wells Fargo,2016-06-22 02:06:02.000
Wells Fargo,2016-06-22 02:13:56.000
Wells Fargo,2016-07-21 09:23:06.000
Wells Fargo,2016-08-19 12:01:04.000
Wells Fargo,2016-08-19 12:09:31.000
Wells Fargo,2016-09-18 04:02:28.000
Wells Fargo,2016-10-17 08:27:40.000
Wells Fargo,2016-10-17 08:39:29.000
Wells Fargo,2016-11-15 19:00:00.000
Wells Fargo,2016-11-15 19:14:01.000
Wells Fargo,2016-12-15 05:00:47.000
Wells Fargo,2016-12-15 05:23:18.000
WestRock,2016-05-10 20:49:16.000
WestRock,2016-05-10 20:52:13.000
WestRock,2016-06-08 13:26:16.000
WestRock,2016-06-08 13:41:49.000
WestRock,2016-07-08 17:55:38.000
WestRock,2016-08-07 15:58:10.000
WestRock,2016-09-06 03:25:25.000
WestRock,2016-09-06 03:27:08.000
WestRock,2016-10-05 19:57:58.000
WestRock,2016-11-04 23:59:42.000
WestRock,2016-12-03 15:18:11.000
Western Digital,2013-12-18 23:35:31.000
Western Digital,2013-12-18 23:41:14.000
Western Digital,2014-01-16 09:57:35.000
Western Digital,2014-02-14 19:10:43.000
Western Digital,2014-02-14 19:26:42.000
Western Digital,2014-03-15 07:52:42.000
Western Digital,2014-04-14 14:47:44.000
Western Digital,2014-04-14 14:49:58.000
Western Digital,2014-05-13 11:06:52.000
Western Digital,2014-05-13 11:08:11.000
Western Digital,2014-06-11 15:46:49.000
Western Digital,2014-06-11 15:49:58.000
Western Digital,2014-07-10 01:56:11.000
Western Digital,2014-07-10 02:11:27.000
Western Digital,2014-08-08 23:22:05.000
Western Digital,2014-08-08 23:35:00.000
Western Digital,2014-09-06 15:59:12.000
Western Digital,2014-10-05 08:59:42.000
Western Digital,2014-10-05 09:17:32.000
Western Digital,2014-11-03 02:16:08.000
Western Digital,2014-12-02 09:46:57.000
Western Digital,2014-12-31 03:21:40.000
Western Digital,2014-12-31 03:40:44.000
Western Digital,2015-01-30 03:23:55.000
Western Digital,2015-01-30 03:34:00.000
Western Digital,2015-02-28 00:31:46.000
Western Digital,2015-02-28 00:37:00.000
Western Digital,2015-03-29 21:27:30.000
Western Digital,2015-03-29 21:46:16.000
Western Digital,2015-04-28 03:54:44.000
Western Digital,2015-05-27 04:09:49.000
Western Digital,2015-06-25 18:02:05.000
Western Digital,2015-06-25 18:13:50.000
Western Digital,2015-07-25 19:14:41.000
Western Digital,2015-07-25 19:15:11.000
Western Digital,2015-08-23 19:40:12.000
Western Digital,2015-08-23 19:41:47.000
Western Digital,2015-09-22 20:25:16.000
Western Digital,2015-09-22 20:34:46.000
Western Digital,2015-10-22 03:28:10.000
Western Digital,2015-10-22 03:31:17.000
Western Digital,2015-11-20 13:37:53.000
Western Digital,2015-11-20 13:44:51.000
Western Digital,2015-12-19 03:35:11.000
Western Digital,2015-12-19 03:35:18.000
Western Digital,2016-01-18 09:21:18.000
Western Digital,2016-01-18 09:35:09.000
Western Digital,2016-02-17 02:25:24.000
Western Digital,2016-02-17 02:28:48.000
Western Digital,2016-03-18 05:56:22.000
Western Digital,2016-04-16 23:44:21.000
Western Digital,2016-05-16 03:53:37.000
Western Digital,2016-05-16 03:54:33.000
Western Digital,2016-06-14 11:01:51.000
Western Digital,2016-06-14 11:07:33.000
Western Digital,2016-07-14 08:17:14.000
Western Digital,2016-07-14 08:37:03.000
Western Digital,2016-08-13 00:49:19.000
Western Digital,2016-08-13 01:15:23.000
Western Digital,2016-09-12 05:09:50.000
Western Digital,2016-10-11 14:33:33.000
Western Digital,2016-11-10 11:22:47.000
Western Digital,2016-11-10 11:41:13.000
Western Digital,2016-12-09 20:05:58.000
Western Digital,2016-12-09 20:07:58.000
Western Refining,2013-12-15 23:48:05.000
Western Refining,2014-01-14 07:50:03.000
Western Refining,2014-01-14 07:53:59.000
Western Refining,2014-02-13 02:39:26.000
Western Refining,2014-03-14 19:47:17.000
Western Refining,2014-03-14 20:06:33.000
Western Refining,2014-04-12 18:45:25.000
Western Refining,2014-04-12 18:53:39.000
Western Refining,2014-05-12 09:01:24.000
Western Refining,2014-06-11 10:24:58.000
Western Refining,2014-07-11 08:29:50.000
Western Refining,2014-08-09 11:38:14.000
Western Refining,2014-08-09 11:50:25.000
Western Refining,2014-09-07 05:58:30.000
Western Refining,2014-10-06 13:40:33.000
Western Refining,2014-10-06 13:41:33.000
Western Refining,2014-11-05 15:11:25.000
Western Refining,2014-11-05 15:25:30.000
Western Refining,2015-01-03 12:26:28.000
Western Refining,2015-01-03 12:35:51.000
Western Refining,2015-02-02 09:32:35.000
Western Refining,2015-03-03 09:29:04.000
Western Refining,2015-03-03 09:54:19.000
Western Refining,2015-04-02 09:06:50.000
Western Refining,2015-05-01 07:44:19.000
Western Refining,2015-05-01 07:56:15.000
Western Refining,2015-05-30 13:50:48.000
Western Refining,2015-06-28 12:54:27.000
Western Refining,2015-07-27 12:08:38.000
Western Refining,2015-08-26 00:16:48.000
Western Refining,2015-09-24 16:06:09.000
Western Refining,2015-09-24 16:14:45.000
Western Refining,2015-10-24 01:16:28.000
Western Refining,2015-11-23 17:35:59.000
Western Refining,2015-12-22 09:10:16.000
Western Refining,2016-01-20 03:46:06.000
Western Refining,2016-01-20 03:55:52.000
Western Refining,2016-02-18 19:59:34.000
Western Refining,2016-03-18 21:11:52.000
Western Refining,2016-03-18 21:18:06.000
Whirlpool,2013-12-11 07:45:07.000
Whirlpool,2014-01-09 03:49:54.000
Whirlpool,2014-01-09 04:02:00.000
Whirlpool,2014-02-08 12:39:33.000
Whirlpool,2014-02-08 12:46:47.000
Whirlpool,2014-03-10 12:57:29.000
Whirlpool,2014-04-09 13:14:37.000
Whirlpool,2014-04-09 13:14:48.000
Whirlpool,2014-05-08 17:36:55.000
Whirlpool,2014-06-06 02:45:02.000
Whirlpool,2014-07-06 09:27:25.000
Whirlpool,2014-07-06 09:39:10.000
Whirlpool,2014-08-04 16:20:02.000
Whirlpool,2014-09-02 04:22:02.000
Whirlpool,2014-09-02 04:23:22.000
Whole Foods Market,2016-03-07 22:16:47.000
Whole Foods Market,2016-03-07 22:38:05.000
Whole Foods Market,2016-04-05 09:35:25.000
Whole Foods Market,2016-04-05 09:53:54.000
Whole Foods Market,2016-05-05 05:06:45.000
Whole Foods Market,2016-06-03 08:43:45.000
Whole Foods Market,2016-06-03 08:47:35.000
Whole Foods Market,2016-07-03 23:20:35.000
Whole Foods Market,2016-07-03 23:24:07.000
World Fuel Services,2016-10-06 03:07:58.000
World Fuel Services,2016-11-05 05:54:45.000
World Fuel Services,2016-12-04 20:09:44.000
World Fuel Services,2016-12-04 20:13:53.000
Xcel Energy,2016-07-02 12:08:04.000
Xcel Energy,2016-07-31 18:44:18.000
Xcel Energy,2016-07-31 18:54:41.000
Xcel Energy,2016-08-30 19:11:35.000
Xcel Energy,2016-09-28 11:47:43.000
Xcel Energy,2016-10-28 19:55:46.000
Xerox,2016-11-11 19:40:24.000
Xerox,2016-11-11 19:41:37.000
Xerox,2016-12-11 01:01:42.000
Xerox,2016-12-11 01:04:17.000
Yum Brands,2016-04-28 04:00:19.000
Yum Brands,2016-04-28 04:21:33.000
Yum Brands,2016-05-27 10:35:10.000
Yum Brands,2016-05-27 10:50:21.000
Yum Brands,2016-06-25 07:22:35.000
Yum Brands,2016-06-25 07:25:22.000
Yum Brands,2016-07-24 12:39:00.000
Yum Brands,2016-08-23 17:18:08.000
Yum Brands,2016-09-22 19:06:29.000
Yum Brands,2016-09-22 19:34:24.000
Yum Brands,2016-10-22 17:14:08.000
Yum Brands,2016-11-21 21:47:28.000
Yum Brands,2016-11-21 22:04:53.000
Yum Brands,2016-12-22 00:09:00.000
Yum Brands,2016-12-22 00:11:30.000
eBay,2015-02-09 04:13:11.000
eBay,2015-03-11 04:49:25.000
eBay,2015-03-11 05:03:14.000
eBay,2015-04-10 08:41:52.000
eBay,2015-04-10 08:57:41.000
eBay,2015-05-10 10:31:19.000
eBay,2015-06-08 09:19:01.000
eBay,2015-06-08 09:48:20.000
eBay,2015-07-07 02:29:07.000
eBay,2015-08-06 14:34:03.000
eBay,2015-08-06 14:39:16.000
eBay,2015-09-05 19:49:10.000
eBay,2015-10-04 17:49:12.000
eBay,2015-11-03 10:22:06.000
eBay,2015-11-03 10:49:07.000
eBay,2015-12-02 10:27:31.000
eBay,2015-12-31 13:08:25.000
eBay,2015-12-31 13:29:55.000
eBay,2016-01-29 03:47:21.000
eBay,2016-02-27 08:51:57.000
eBay,2016-03-27 18:25:54.000
eBay,2016-03-27 18:37:34.000
eBay,2016-04-25 06:13:34.000
eBay,2016-05-24 09:27:56.000
eBay,2016-06-23 03:00:44.000
eBay,2016-07-22 00:34:35.000
eBay,2016-08-21 11:53:43.000
eBay,2016-08-21 12:05:16.000
eBay,2016-09-20 04:18:11.000
eBay,2016-10-19 08:13:33.000
eBay,2016-10-19 08:28:05.000
eBay,2016-11-17 06:53:50.000
eBay,2016-11-17 06:56:25.000
eBay,2016-12-17 01:01:35.000
eBay,2016-12-17 01:26:49.000
